ID,Latitude,Longitude,Day,Hour,Minute,Duration,RemainingTime,Resources,Coverage,Ligitimacy,OnPeakHours,GridNumber
1,49.61630059316106,6.096862052775305,2,9,49,10,10,1,100,False,True,139
2,49.626256376161436,6.144403588088685,1,7,1,20,20,1,100,True,True,174
3,49.609208978038886,6.093527322621683,2,11,45,10,10,7,100,True,False,123
4,49.61681924448669,6.097637223845932,2,8,17,50,50,7,100,False,True,139
5,49.5987396352775,6.118416961198117,2,9,55,30,30,2,100,True,True,96
6,49.62088603261753,6.1483758068079215,2,1,11,10,10,5,100,True,False,159
7,49.61026396915551,6.126333100006935,2,14,7,60,60,4,100,True,False,127
8,49.609773664938146,6.133407288606603,1,17,13,50,50,5,100,True,False,128
9,49.61112738254309,6.140393598394048,2,18,56,20,20,9,100,True,False,129
10,49.63801411000503,6.125435256802399,2,12,57,20,20,8,100,False,False,202
11,49.61884452833048,6.132750010148934,2,8,29,10,10,8,100,True,True,143
12,49.62516356793069,6.109585718078926,2,20,13,40,40,6,100,True,False,170
13,49.63004852128297,6.135391034180315,2,7,54,30,30,6,100,True,True,173
14,49.616156037354116,6.119011786862046,2,9,34,50,50,8,100,False,True,141
15,49.61645309311207,6.097400916762409,1,8,19,20,20,10,100,False,True,139
16,49.59926341581376,6.109371990657804,1,22,7,60,60,5,100,True,False,95
17,49.62621640814578,6.13828375703599,2,12,45,60,60,10,100,True,False,173
18,49.60042689648988,6.098206438488544,1,4,32,10,10,1,100,True,False,94
19,49.635386449953174,6.117145596273443,2,11,21,60,60,9,100,False,False,186
20,49.59131400063763,6.125899852089551,2,11,14,20,20,8,100,True,False,67
21,49.63434512082783,6.16261555213364,2,23,13,30,30,3,100,True,False,191
22,49.61973461844916,6.113712616021351,2,22,30,40,40,10,100,True,False,155
23,49.578828617464985,6.116578263584523,2,7,18,20,20,5,100,True,True,36
24,49.62196274499207,6.106832236055814,1,22,9,20,20,5,100,True,False,155
25,49.629661996537955,6.112605781271996,2,9,0,20,20,9,100,True,True,170
26,49.636259049395214,6.174897932775565,1,11,13,60,60,2,100,True,False,207
27,49.590523354204045,6.105691917026989,2,14,33,30,30,4,100,True,False,65
28,49.583729770170805,6.118508783316016,2,9,22,20,20,6,100,True,True,51
29,49.5776716685213,6.120273752498998,2,21,15,10,10,2,100,True,False,36
30,49.64063847341305,6.110733403239746,2,20,56,60,60,1,100,True,False,200
31,49.580871505674686,6.090532730655866,2,7,45,60,60,9,100,True,True,33
32,49.607134668481834,6.13577424179643,2,16,54,30,30,10,100,True,False,113
33,49.6368074337691,6.1161830791872305,1,10,9,60,60,1,100,True,True,201
34,49.62646305863172,6.137766692088788,1,19,40,40,40,3,100,True,False,173
35,49.59476134194209,6.117300107651243,2,17,27,30,30,8,100,True,False,81
36,49.608009833652076,6.139044334215225,2,16,39,20,20,2,100,True,False,113
37,49.617826165916135,6.160494830774488,1,12,40,50,50,3,100,True,False,146
38,49.63262974949769,6.146915842746005,2,21,37,40,40,3,100,True,False,189
39,49.5991653164659,6.142685637686076,2,16,6,30,30,5,100,True,False,99
40,49.62517329532387,6.0949501744476615,1,23,51,30,30,4,100,True,False,168
41,49.61951013256367,6.159864935329544,1,12,49,30,30,9,100,True,False,161
42,49.603487934947516,6.092043580219062,1,11,44,10,10,10,100,True,False,108
43,49.64222035572641,6.098979827401541,2,19,15,10,10,2,100,True,False,214
44,49.62379574022892,6.107132310473234,1,8,26,40,40,2,100,True,True,155
45,49.632234870672534,6.169995285493562,2,9,11,50,50,10,100,True,True,192
46,49.634523143314865,6.107662261522917,1,1,5,50,50,2,100,True,False,185
47,49.61736326090102,6.100301331751673,2,15,48,10,10,2,100,True,False,139
48,49.62223926846378,6.110739732185062,1,23,12,20,20,1,100,True,False,155
49,49.605058100019015,6.19172098050136,1,18,53,10,10,5,100,True,False,119
50,49.61053815117618,6.125886342768337,1,17,33,30,30,8,100,True,False,127
51,49.5751161051104,6.1023248263671785,1,21,8,30,30,5,100,True,False,19
52,49.627105532483284,6.136508827308462,1,11,49,60,60,5,100,True,False,173
53,49.6164930780825,6.097620148227323,1,14,30,10,10,7,100,False,False,139
54,49.63472199004004,6.13671956209655,1,7,52,20,20,9,100,True,True,188
55,49.61579121529756,6.118668714091636,1,11,31,50,50,10,100,False,False,141
56,49.62285725821423,6.14696695674333,1,2,22,10,10,8,100,True,False,159
57,49.62024120837344,6.121179816811095,2,13,8,40,40,5,100,True,False,156
58,49.59804108823289,6.099621993799061,2,8,35,60,60,8,100,False,True,94
59,49.619251979306405,6.119970286588672,1,13,58,50,50,8,100,True,False,141
60,49.62453137271237,6.170765753193255,2,10,2,60,60,4,100,True,True,162
61,49.64700260648786,6.113432693641138,2,0,22,50,50,2,100,True,False,230
62,49.624651507552166,6.104185249865829,2,15,57,40,40,3,100,True,False,154
63,49.58013785464434,6.123698409997858,1,23,15,20,20,3,100,True,False,37
64,49.62069416935654,6.147637560024169,1,20,11,40,40,5,100,True,False,159
65,49.63566235720746,6.0736117965409235,1,15,49,20,20,7,100,True,False,181
66,49.62749893604629,6.168573455747284,1,18,18,40,40,4,100,True,False,177
67,49.59588040572151,6.115239853782636,1,16,49,50,50,6,100,True,False,81
68,49.5955954252676,6.137953495555859,2,14,41,50,50,5,100,True,False,83
69,49.5714082256558,6.109161729137985,2,15,5,30,30,4,100,True,False,20
70,49.58961589856605,6.095223394612316,2,23,7,10,10,3,100,True,False,63
71,49.5870243573583,6.134850484255521,2,14,54,30,30,1,100,True,False,68
72,49.59255357179913,6.140962708810516,1,11,11,60,60,10,100,False,False,84
73,49.59092062404501,6.116719291181544,1,13,3,50,50,4,100,True,False,66
74,49.63412945960803,6.165032524364882,1,22,37,40,40,2,100,True,False,191
75,49.636108721799225,6.123297853862575,1,11,11,20,20,6,100,True,False,202
76,49.63799079993606,6.125404418684808,2,11,28,20,20,9,100,False,False,202
77,49.58887835050133,6.093397874516993,2,22,19,50,50,7,100,True,False,63
78,49.58513168982644,6.12835974165664,1,23,6,10,10,6,100,True,False,52
79,49.61410456116823,6.146494248092149,1,19,34,30,30,6,100,True,False,144
80,49.60921516972911,6.130561010966049,1,17,14,50,50,8,100,True,False,127
81,49.615657123396055,6.118334372746539,1,9,59,30,30,8,100,False,True,141
82,49.6287923549441,6.144711574059272,1,15,54,30,30,9,100,True,False,174
83,49.629455616441646,6.1316246352296915,2,17,50,10,10,8,100,True,False,173
84,49.615813548565384,6.102470146084441,2,17,44,20,20,8,100,True,False,139
85,49.5735365072686,6.108890244824163,2,21,25,20,20,2,100,True,False,20
86,49.59023657275559,6.110528528896804,2,18,33,30,30,10,100,True,False,65
87,49.57768759572168,6.081026621707981,2,21,27,40,40,6,100,True,False,32
88,49.5724283935873,6.109254455941367,2,13,36,50,50,4,100,True,False,20
89,49.600760464366225,6.1379688253975475,2,15,52,20,20,2,100,True,False,98
90,49.62809350962801,6.099703306827189,2,14,31,10,10,3,100,True,False,169
91,49.58732004544296,6.109730630667596,2,21,23,60,60,2,100,True,False,65
92,49.635809034765074,6.116654965366899,1,10,11,60,60,7,100,False,True,201
93,49.636768649687,6.122732880358948,1,22,7,60,60,1,100,True,False,202
94,49.628360630047325,6.1619590637140975,1,16,21,20,20,9,100,True,False,176
95,49.60783782231185,6.111685207972966,1,20,38,40,40,9,100,True,False,110
96,49.589003372296084,6.116725484710292,2,2,19,50,50,4,100,True,False,66
97,49.59868917516172,6.109170067677441,1,13,44,40,40,7,100,True,False,95
98,49.57977135914785,6.112937078931973,2,12,18,10,10,9,100,True,False,35
99,49.61399857673974,6.17453209740366,2,11,51,50,50,2,100,True,False,147
100,49.61194095431211,6.11873553641361,1,12,15,60,60,9,100,True,False,126
101,49.62452760920157,6.127964267937454,1,9,41,60,60,8,100,True,True,157
102,49.617431909679226,6.124660847458911,2,23,6,20,20,2,100,True,False,142
103,49.63887550905594,6.136570720623949,1,10,30,20,20,8,100,True,True,203
104,49.59787266989706,6.099491098218608,2,8,8,30,30,10,100,False,True,94
105,49.608213163121725,6.1197084618305,2,16,25,60,60,7,100,True,False,111
106,49.63039450537759,6.108436983722638,1,7,26,60,60,6,100,True,True,185
107,49.61356139166867,6.132649246176417,1,10,37,10,10,2,100,True,True,128
108,49.604703073806576,6.10601079009375,2,21,52,30,30,1,100,True,False,110
109,49.621861774476386,6.120651480498931,1,21,18,20,20,9,100,True,False,156
110,49.61742230489415,6.1397500298089955,2,17,0,50,50,4,100,True,False,143
111,49.62570301934866,6.1506576763344105,1,15,1,60,60,7,100,True,False,175
112,49.626203985209685,6.178572638786985,2,9,5,20,20,10,100,True,True,178
113,49.595324362058314,6.117395699130261,1,19,58,50,50,2,100,True,False,81
114,49.59285888588408,6.128371005374677,2,13,27,50,50,7,100,True,False,82
115,49.599324409001554,6.1334879966499,1,17,43,40,40,3,100,True,False,98
116,49.574146611791285,6.099630251030232,2,10,34,40,40,1,100,True,True,19
117,49.581051630892475,6.116101007664528,1,11,25,50,50,8,100,True,False,36
118,49.607005396121664,6.108857055695271,2,14,24,60,60,8,100,True,False,110
119,49.63393564379386,6.178999236143775,1,10,37,20,20,9,100,True,True,193
120,49.63133705114504,6.097377207049517,2,7,51,10,10,9,100,True,True,184
121,49.611440075941026,6.126413829689921,1,4,52,20,20,1,100,True,False,127
122,49.60083773706795,6.126414512225997,2,11,33,10,10,9,100,True,False,97
123,49.57713282783577,6.10825386435945,1,22,34,10,10,3,100,True,False,35
124,49.632683418399075,6.151006608779091,1,8,47,30,30,4,100,True,True,190
125,49.6465283073191,6.125743197013071,1,21,6,40,40,5,100,True,False,217
126,49.648717822122734,6.13439641017625,2,12,38,30,30,3,100,True,False,233
127,49.62475958360542,6.124099944314203,2,21,38,20,20,8,100,True,False,157
128,49.592614277183365,6.140894053354376,2,10,16,10,10,8,100,False,True,84
129,49.61090941526832,6.130788817844834,1,7,54,30,30,3,100,True,True,127
130,49.63136094369493,6.104939408973775,1,15,43,60,60,10,100,True,False,185
131,49.62640911646312,6.144321231163972,1,8,24,50,50,4,100,True,True,174
132,49.59588055107692,6.115359334528959,2,18,9,50,50,10,100,True,False,81
133,49.635672743723795,6.116843202226946,2,7,8,30,30,10,100,False,True,186
134,49.61611299642037,6.120694679795146,1,7,51,20,20,3,100,True,True,141
135,49.587148419124524,6.116442500402884,1,19,53,40,40,7,100,True,False,66
136,49.61274757159523,6.1235865161551635,1,15,59,60,60,10,100,True,False,127
137,49.62404910557662,6.112426371802226,2,3,53,50,50,3,100,True,False,155
138,49.58837989224851,6.116079095839897,2,0,10,40,40,7,100,True,False,66
139,49.62982721874017,6.170849431624153,1,19,5,20,20,10,100,True,False,177
140,49.60741826985493,6.123084640438006,1,9,24,60,60,9,100,True,True,112
141,49.63049338628111,6.171053585571281,1,19,14,20,20,7,100,True,False,192
142,49.60762166976975,6.188421578274156,2,8,37,20,20,6,100,True,True,119
143,49.600319350628794,6.093175619547835,2,7,16,20,20,8,100,True,True,93
144,49.63934618155395,6.1453607306889415,2,15,52,20,20,3,100,True,False,204
145,49.60885853910585,6.1224899091610885,1,20,8,10,10,1,100,True,False,126
146,49.62428455526128,6.11505726517886,2,11,14,10,10,1,100,True,False,156
147,49.58909563659843,6.113580906207917,1,13,49,10,10,3,100,True,False,65
148,49.60767642448441,6.111114288312373,1,6,40,40,40,10,100,True,False,110
149,49.62535485948836,6.131097831305995,1,14,59,50,50,4,100,True,False,172
150,49.62944498163881,6.1123218544951206,2,17,3,60,60,7,100,True,False,170
151,49.63702535388621,6.074870718382093,2,4,58,10,10,8,100,True,False,196
152,49.59868601062647,6.141042380283196,2,5,43,10,10,10,100,True,False,99
153,49.63561736234314,6.116668601424117,1,14,24,10,10,2,100,False,False,186
154,49.626477773402655,6.155996204340798,2,22,7,40,40,10,100,True,False,175
155,49.587813947316306,6.105027583895283,1,16,48,50,50,9,100,True,False,65
156,49.63231495883754,6.114193147200687,1,21,14,20,20,7,100,True,False,186
157,49.62523399886824,6.139748637749121,2,23,45,40,40,5,100,True,False,173
158,49.61677402665102,6.096921130098541,2,9,31,40,40,10,100,False,True,139
159,49.62499642657132,6.127881753369475,1,9,45,60,60,1,100,True,True,172
160,49.612635888825366,6.1121267479570465,2,3,8,50,50,5,100,True,False,125
161,49.578600043164506,6.117097339506372,1,7,13,10,10,2,100,True,True,36
162,49.641367329522005,6.079609185143863,2,10,44,20,20,9,100,True,True,212
163,49.64439599650448,6.105505674566976,1,9,11,20,20,1,100,True,True,215
164,49.61955337143991,6.100168352440441,1,16,57,30,30,1,100,True,False,154
165,49.60208086321387,6.100093029110941,1,22,56,40,40,4,100,True,False,94
166,49.6313300138701,6.173000394699544,2,11,27,40,40,9,100,True,False,192
167,49.61238426297385,6.109021660577883,2,20,31,50,50,2,100,True,False,125
168,49.57612118194437,6.1168359477176635,2,11,1,20,20,2,100,True,False,36
169,49.632440304272535,6.171167758892802,1,14,39,20,20,9,100,True,False,192
170,49.619391046687355,6.12174396422988,1,14,41,20,20,9,100,True,False,156
171,49.64522920535141,6.1280681631433325,1,14,11,20,20,5,100,True,False,217
172,49.61672903549009,6.107852877564036,1,14,18,50,50,10,100,True,False,140
173,49.63513254506251,6.143642909826957,1,17,9,40,40,7,100,True,False,189
174,49.62140289492256,6.184845548862058,2,8,16,50,50,9,100,True,True,164
175,49.61668664297111,6.097167542741722,2,11,48,40,40,8,100,False,False,139
176,49.640067842881116,6.101142947541683,2,10,54,10,10,10,100,True,True,199
177,49.605216287550654,6.141123806546155,1,21,49,30,30,6,100,True,False,114
178,49.63042651996859,6.137757097054535,1,3,31,10,10,1,100,True,False,188
179,49.61167286466775,6.097397458554163,2,3,59,10,10,7,100,True,False,124
180,49.59767366904926,6.099024041785488,1,11,57,10,10,9,100,False,False,94
181,49.62323756193651,6.180591715597539,1,23,6,60,60,6,100,True,False,163
182,49.60085096898709,6.110527712597917,1,22,55,10,10,3,100,True,False,95
183,49.60034498751147,6.136531088849075,1,23,46,30,30,9,100,True,False,98
184,49.60718041532036,6.179166266953739,2,23,34,40,40,5,100,True,False,118
185,49.64814976022866,6.134317230643736,1,11,35,60,60,1,100,True,False,233
186,49.64441851527954,6.099835357988755,2,19,25,10,10,8,100,True,False,214
187,49.63161644948179,6.110636816385018,1,20,39,60,60,4,100,True,False,185
188,49.59319260179578,6.107111907483072,2,10,27,60,60,5,100,True,True,80
189,49.633701828457724,6.164194510179765,1,5,22,30,30,2,100,True,False,191
190,49.57727849114852,6.111957983645954,1,17,14,60,60,8,100,True,False,35
191,49.60374025781658,6.109698251164017,2,16,20,50,50,5,100,True,False,110
192,49.58770239035571,6.133749182018784,2,11,14,60,60,4,100,True,False,68
193,49.576880236306664,6.119327757804958,2,20,12,60,60,9,100,True,False,36
194,49.57788944312175,6.12036815486553,1,14,51,60,60,5,100,True,False,36
195,49.58691181616784,6.102482206545568,1,2,48,30,30,5,100,True,False,64
196,49.60318706823668,6.129551019143795,1,16,38,20,20,3,100,True,False,112
197,49.58013587964884,6.1204742044803835,1,20,6,10,10,5,100,True,False,36
198,49.622731806871634,6.165777501535073,2,15,10,10,10,9,100,True,False,161
199,49.635980401036825,6.11675224627027,2,10,12,40,40,7,100,False,True,201
200,49.643610146284274,6.14130643590289,1,18,16,30,30,10,100,True,False,219
201,49.61957158401159,6.161333742487813,2,14,51,60,60,5,100,True,False,161
202,49.621462644463904,6.115471835540983,2,21,28,50,50,9,100,True,False,156
203,49.6148857701431,6.127084752546442,1,19,29,10,10,7,100,True,False,142
204,49.630286355841164,6.151706798509831,1,7,19,60,60,10,100,True,True,190
205,49.60184924847535,6.104710690164796,1,13,55,50,50,9,100,True,False,94
206,49.63562732650166,6.11689658705258,1,10,5,60,60,7,100,False,True,186
207,49.637397415365726,6.167428673208261,2,15,1,20,20,3,100,True,False,207
208,49.61906278998012,6.161996515327584,2,21,50,30,30,5,100,True,False,146
209,49.61601219773425,6.118109705136168,1,15,55,10,10,9,100,False,False,141
210,49.62082568369241,6.14690813711048,1,13,49,60,60,8,100,True,False,159
211,49.64529514868367,6.1462317263947055,2,23,49,50,50,2,100,True,False,219
212,49.59880048537697,6.103772754588943,1,21,46,60,60,8,100,True,False,94
213,49.603069370515406,6.0905621987940295,1,17,48,10,10,7,100,True,False,108
214,49.58475600366493,6.127376582222061,2,13,17,50,50,1,100,True,False,52
215,49.633873868716464,6.167639203912869,1,12,48,50,50,9,100,True,False,192
216,49.611254573768214,6.1570465717959255,2,21,24,30,30,7,100,True,False,130
217,49.59823613570876,6.128572635005835,1,21,7,30,30,6,100,True,False,97
218,49.614954954086485,6.107933342717186,1,15,45,10,10,9,100,True,False,140
219,49.5924720249885,6.14076089794012,2,8,15,60,60,8,100,False,True,84
220,49.63140416558602,6.173121054619482,1,17,35,60,60,1,100,True,False,192
221,49.585674578310154,6.110921415289681,1,16,33,20,20,1,100,True,False,50
222,49.59810797966504,6.085045485318946,1,17,35,30,30,9,100,True,False,92
223,49.60093486098052,6.104351834677849,2,2,50,20,20,7,100,True,False,94
224,49.58524675520802,6.129699200412298,1,0,2,60,60,5,100,True,False,52
225,49.59241008424509,6.141431932505028,2,15,55,60,60,8,100,False,False,84
226,49.631336981773536,6.164894113078157,1,7,49,50,50,5,100,True,True,191
227,49.598720707019,6.1092374,1,17,35,60,60,8,100,True,False,95
228,49.58060306761334,6.114451414524445,1,7,16,10,10,8,100,True,True,36
229,49.62420560578745,6.113313111109168,2,8,50,10,10,3,100,True,True,155
230,49.634131016983126,6.169852556002683,1,17,2,50,50,9,100,True,False,192
231,49.639207049800056,6.077926750802812,2,22,55,60,60,4,100,True,False,196
232,49.57965925273395,6.123277605858784,2,16,3,60,60,7,100,True,False,37
233,49.64506851424233,6.128732110189341,2,23,4,40,40,5,100,True,False,217
234,49.60958971850743,6.161045271675046,1,0,25,30,30,3,100,True,False,131
235,49.623827667857455,6.121221762169831,2,13,0,60,60,4,100,True,False,156
236,49.635536601383194,6.116776167963149,1,10,19,20,20,8,100,False,True,186
237,49.62989222939371,6.16900604374217,2,7,8,60,60,8,100,True,True,177
238,49.61375204472712,6.142156058161784,2,22,23,20,20,1,100,True,False,129
239,49.640889731361625,6.080389394474012,1,14,51,30,30,3,100,True,False,197
240,49.57958870477421,6.109531193116826,1,19,5,20,20,3,100,True,False,35
241,49.628774167110784,6.085801019654614,1,15,6,30,30,8,100,True,False,167
242,49.61594890637927,6.118724745246401,2,7,44,50,50,7,100,False,True,141
243,49.62724135014476,6.135719055011469,2,9,23,40,40,7,100,True,True,173
244,49.647071026395594,6.118382998365502,2,20,0,30,30,2,100,True,False,231
245,49.5822776386411,6.121088405041111,1,7,51,60,60,7,100,True,True,51
246,49.633037113875346,6.158091021181799,2,18,59,10,10,8,100,True,False,190
247,49.62481784686294,6.129548598100304,1,13,42,20,20,8,100,True,False,172
248,49.6388597069138,6.115511154894703,1,13,8,10,10,6,100,True,False,201
249,49.585318675657255,6.1155184195523935,2,11,53,10,10,9,100,True,False,51
250,49.61577810235117,6.118729333821435,2,9,17,30,30,8,100,False,True,141
251,49.5854700532732,6.104433100074549,2,14,17,10,10,8,100,True,False,49
252,49.59252895472999,6.118603346428858,2,12,32,10,10,6,100,True,False,81
253,49.60829643079329,6.144667365918186,1,17,57,50,50,1,100,True,False,114
254,49.6485565822666,6.1314879876244905,2,15,28,10,10,4,100,True,False,232
255,49.60685834009618,6.189633771276199,2,12,46,30,30,2,100,True,False,119
256,49.63549752006362,6.116824086456276,2,10,30,60,60,9,100,False,True,186
257,49.57871209817526,6.1147019405802805,1,1,37,40,40,10,100,True,False,36
258,49.62662529816289,6.125075309258717,1,18,40,60,60,6,100,True,False,172
259,49.628656082837615,6.1318965529978495,1,5,39,50,50,6,100,True,False,173
260,49.6283370080695,6.109356242151498,1,11,40,20,20,5,100,True,False,170
261,49.60277115485887,6.10976306748095,2,20,51,30,30,4,100,True,False,95
262,49.60305457127174,6.1113519871593045,2,23,41,10,10,9,100,True,False,110
263,49.597321825829816,6.129157859593676,2,19,30,30,30,9,100,True,False,82
264,49.6303944495431,6.16363698088086,2,13,1,20,20,9,100,True,False,191
265,49.62965887725821,6.176895206247358,2,22,55,50,50,2,100,True,False,178
266,49.60201600554275,6.160179203788228,1,23,48,50,50,8,100,True,False,101
267,49.62848925281896,6.165799502490325,2,9,7,20,20,3,100,True,True,176
268,49.587658789669966,6.104590636432611,1,11,9,50,50,3,100,True,False,64
269,49.6376106839393,6.145547925180413,2,21,42,50,50,9,100,True,False,204
270,49.63105761573599,6.171869521280968,1,22,17,40,40,7,100,True,False,192
271,49.632918075672,6.106772612681933,2,18,40,60,60,2,100,True,False,185
272,49.57058194657201,6.108823656391236,2,20,25,60,60,3,100,True,False,20
273,49.63595390607878,6.117117131454567,1,9,17,30,30,10,100,False,True,201
274,49.63525339664731,6.1171076461607745,1,7,27,50,50,2,100,False,True,186
275,49.60195812772586,6.154560541382099,2,10,5,60,60,5,100,True,True,100
276,49.59781200108677,6.099793128321043,1,9,27,50,50,9,100,False,True,94
277,49.63311473277178,6.132258182505525,1,11,25,60,60,7,100,True,False,188
278,49.60298345912034,6.107339620864801,1,8,48,60,60,6,100,True,True,110
279,49.63343150479103,6.158389096245504,2,13,15,40,40,5,100,True,False,191
280,49.646368354363496,6.083082101140942,1,11,49,30,30,8,100,True,False,212
281,49.60260713925531,6.111819584159686,2,15,10,20,20,9,100,True,False,95
282,49.59784224925134,6.099518573656373,1,8,12,50,50,7,100,False,True,94
283,49.63415077404772,6.142366875922445,2,7,8,40,40,2,100,True,True,189
284,49.59610075670413,6.107795172945792,1,23,50,40,40,8,100,True,False,80
285,49.63813021124189,6.12541492463854,1,15,26,40,40,9,100,False,False,202
286,49.61049405769694,6.124885687988705,2,16,27,50,50,2,100,True,False,127
287,49.596096043352546,6.1426700988214575,2,8,19,30,30,5,100,True,True,84
288,49.62709050562299,6.130945384730959,1,20,19,50,50,10,100,True,False,172
289,49.580364710295456,6.095447128114558,2,7,50,60,60,8,100,True,True,33
290,49.64110430646505,6.097193931606959,2,23,53,40,40,10,100,True,False,199
291,49.601752782645946,6.152450739425582,2,7,24,10,10,7,100,True,True,100
292,49.63068454466376,6.170760678801688,2,13,41,60,60,7,100,True,False,192
293,49.6382357946383,6.125678079292748,1,7,11,10,10,10,100,False,True,202
294,49.60096568471903,6.099779030862703,1,11,59,30,30,2,100,True,False,94
295,49.61505920966476,6.1217149511741304,1,23,56,40,40,5,100,True,False,141
296,49.610868630005626,6.165726548363785,1,6,2,20,20,1,100,True,False,131
297,49.6266148534504,6.098984999640595,1,13,7,30,30,1,100,True,False,169
298,49.5978926331385,6.099154932214399,1,8,31,10,10,8,100,False,True,94
299,49.58469242071371,6.127992007107194,1,17,31,10,10,10,100,True,False,52
300,49.59386109283812,6.092440080217728,1,13,23,50,50,1,100,True,False,78
301,49.62455691153309,6.094228958923096,2,19,32,30,30,2,100,True,False,153
302,49.6207339796972,6.182095284401474,2,14,37,30,30,10,100,True,False,163
303,49.61521449262765,6.096277608165818,2,20,46,50,50,10,100,True,False,139
304,49.63524515351641,6.175648661557746,1,15,12,10,10,9,100,True,False,192
305,49.5667771417832,6.105777005074695,2,16,5,40,40,5,100,True,False,5
306,49.606573748949344,6.150960551269875,2,8,9,50,50,7,100,True,True,115
307,49.61070826008544,6.164939308431663,2,8,11,40,40,9,100,True,True,131
308,49.59081188375098,6.104739962683584,1,7,57,40,40,9,100,True,True,64
309,49.63252119895061,6.140994397474539,1,22,34,50,50,7,100,True,False,189
310,49.60335222706185,6.091785435864695,1,21,34,60,60,3,100,True,False,108
311,49.63573976401118,6.174586823213787,1,12,13,60,60,5,100,True,False,207
312,49.62230243884677,6.169568710494443,1,20,59,10,10,2,100,True,False,162
313,49.626498625382624,6.11839466809213,1,6,20,50,50,7,100,True,False,171
314,49.5983245172714,6.142362233520103,2,23,47,20,20,4,100,True,False,99
315,49.632747918761595,6.1129416354019686,2,6,3,10,10,2,100,True,False,185
316,49.61661591140486,6.121096667409819,2,11,41,40,40,3,100,True,False,141
317,49.60182584314872,6.0955388516486915,2,23,30,20,20,4,100,True,False,93
318,49.63540480809955,6.178606181383353,2,13,49,30,30,10,100,True,False,193
319,49.62939869359518,6.167674940923801,1,0,51,60,60,8,100,True,False,177
320,49.59970378118523,6.109707728158907,2,9,3,60,60,1,100,True,True,95
321,49.63072562254051,6.16061633265284,2,12,45,60,60,7,100,True,False,191
322,49.63676442710328,6.0826574476775415,2,19,4,20,20,6,100,True,False,197
323,49.57962157436073,6.120842240816807,1,18,37,20,20,3,100,True,False,36
324,49.61738499710419,6.098920676032632,1,18,10,10,10,6,100,True,False,139
325,49.62472583515754,6.126279981438442,2,15,23,60,60,5,100,True,False,157
326,49.65013843239061,6.112570004751042,2,17,5,50,50,4,100,True,False,230
327,49.63704194759049,6.163787613314671,1,12,42,10,10,8,100,True,False,206
328,49.59749281304365,6.09942142078247,2,13,39,40,40,6,100,False,False,94
329,49.6354386778807,6.1162296513050824,2,9,8,60,60,10,100,False,True,186
330,49.61404909418348,6.108358336280911,1,14,49,20,20,1,100,True,False,140
331,49.641623443247376,6.122050164777824,2,23,12,50,50,1,100,True,False,216
332,49.62871241065216,6.104193057601452,2,10,53,10,10,10,100,True,True,169
333,49.589933729898554,6.116426906045524,1,15,17,20,20,8,100,True,False,66
334,49.59128057460034,6.125167551486997,1,6,23,40,40,7,100,True,False,67
335,49.582129304671135,6.11215927465162,1,20,30,50,50,10,100,True,False,50
336,49.58890281802298,6.112673878902785,1,21,49,40,40,2,100,True,False,65
337,49.59399806085506,6.152609547838676,2,23,33,50,50,10,100,True,False,85
338,49.5916203122286,6.138724824646976,2,13,36,10,10,2,100,True,False,68
339,49.60355561632114,6.104545339572301,2,19,6,40,40,2,100,True,False,109
340,49.61344068670396,6.108169059391217,2,5,56,50,50,9,100,True,False,125
341,49.628278951994254,6.149316994757661,1,15,48,60,60,10,100,True,False,175
342,49.592414518969,6.1408701872356435,1,16,41,60,60,10,100,False,False,84
343,49.59983695564386,6.109258754667764,2,17,52,30,30,9,100,True,False,95
344,49.63667213335722,6.074356606426065,2,20,44,20,20,3,100,True,False,196
345,49.59727348158566,6.085355121582521,1,14,21,50,50,5,100,True,False,77
346,49.618491375014365,6.138485596988486,2,17,59,50,50,5,100,True,False,143
347,49.603612425528226,6.0964683766359995,2,10,32,10,10,9,100,True,True,109
348,49.58479737866834,6.114133445995741,2,15,27,50,50,10,100,True,False,51
349,49.61697336276146,6.115230766631675,2,3,44,60,60,1,100,True,False,141
350,49.61175339857556,6.094302837919246,2,15,39,60,60,9,100,True,False,123
351,49.58175488625541,6.0896921894537055,2,3,33,30,30,3,100,True,False,48
352,49.617957642061015,6.111261376676384,2,12,43,20,20,4,100,True,False,140
353,49.646084565895826,6.116803333690035,2,13,56,50,50,5,100,True,False,216
354,49.63922917297449,6.081008999345688,1,18,55,10,10,2,100,True,False,197
355,49.62652279591288,6.120654613330212,2,16,31,20,20,6,100,True,False,171
356,49.59952751480408,6.103390282421092,2,11,35,30,30,1,100,True,False,94
357,49.62322718318672,6.112453251436372,1,22,30,20,20,3,100,True,False,155
358,49.609515398426915,6.119471500111929,2,9,0,60,60,10,100,True,True,126
359,49.633134309396915,6.169751351003655,1,8,7,50,50,9,100,True,True,192
360,49.5997044249798,6.13358618761044,2,13,48,30,30,4,100,True,False,98
361,49.585874856270706,6.133035212376464,2,2,37,60,60,7,100,True,False,53
362,49.6087854085223,6.175075759857501,2,14,23,40,40,10,100,True,False,132
363,49.63052041037342,6.1643655468052865,2,15,26,50,50,6,100,True,False,191
364,49.608756894906456,6.1589194909621,1,7,21,40,40,4,100,True,True,131
365,49.60712752062707,6.128273278072507,1,6,59,60,60,10,100,True,False,112
366,49.57761882677502,6.119963676890166,1,20,3,50,50,5,100,True,False,36
367,49.59978402422126,6.117824841411401,2,11,45,50,50,5,100,True,False,96
368,49.599003874371576,6.120106750953461,2,17,25,60,60,10,100,True,False,96
369,49.625439350443344,6.146173668648106,2,19,40,60,60,1,100,True,False,174
370,49.62116248035984,6.118173526148405,2,10,23,10,10,6,100,True,True,156
371,49.57052667206727,6.106422657766536,1,16,37,20,20,1,100,True,False,20
372,49.61799689624739,6.129989886919854,2,6,29,60,60,7,100,True,False,142
373,49.58963240307481,6.118480405476409,1,10,53,40,40,8,100,True,True,66
374,49.622418773149356,6.159837910653405,1,5,50,40,40,1,100,True,False,161
375,49.61397489348246,6.131673304979944,1,7,43,60,60,1,100,True,True,143
376,49.61818293081521,6.16927703775576,1,22,1,40,40,10,100,True,False,147
377,49.625063143891886,6.1320045900363445,2,17,25,10,10,7,100,True,False,173
378,49.63168188573385,6.143533985693805,1,1,8,10,10,4,100,True,False,189
379,49.589538304647014,6.122406252978221,1,21,54,20,20,1,100,True,False,66
380,49.637713537704535,6.076073188817539,2,21,20,30,30,7,100,True,False,196
381,49.63508371436617,6.106577975866023,1,2,50,10,10,2,100,True,False,185
382,49.58969920690312,6.116771186354337,2,21,52,40,40,4,100,True,False,66
383,49.60033843838476,6.115627254950692,2,20,7,10,10,6,100,True,False,96
384,49.62630455931901,6.152483330810032,2,15,4,30,30,1,100,True,False,175
385,49.59661952358427,6.083019721151957,1,14,2,30,30,5,100,True,False,77
386,49.64593809731968,6.087931426915281,1,16,33,60,60,4,100,True,False,213
387,49.59784802860871,6.0995079771292255,1,11,47,40,40,10,100,False,False,94
388,49.61492482465122,6.107950823183397,2,10,33,30,30,10,100,True,True,140
389,49.641720232687526,6.080387235667919,2,8,9,10,10,6,100,True,True,212
390,49.603272315850106,6.130502940768432,1,17,7,40,40,8,100,True,False,112
391,49.646036187975625,6.153078881171947,1,1,26,60,60,8,100,True,False,220
392,49.619008163910834,6.152204007417387,2,23,57,10,10,1,100,True,False,145
393,49.603136399937256,6.122686142641124,2,7,48,60,60,6,100,True,True,112
394,49.59038719754036,6.106780761297579,1,15,28,30,30,8,100,True,False,65
395,49.61425968272533,6.176869058146093,1,9,17,10,10,2,100,True,True,148
396,49.58035479556169,6.12046156663083,2,8,56,10,10,3,100,True,True,36
397,49.5780520870312,6.120068401888323,1,21,0,10,10,10,100,True,False,36
398,49.59589463774108,6.141095488782867,2,20,12,30,30,4,100,True,False,84
399,49.61828004528235,6.136322234760489,2,10,52,50,50,10,100,True,True,143
400,49.63482881135431,6.165976638176173,2,16,24,40,40,9,100,True,False,191
401,49.593379005810505,6.12158953413705,2,13,56,20,20,5,100,True,False,81
402,49.578825632249234,6.1149729571642695,1,12,24,50,50,6,100,True,False,36
403,49.63782142677791,6.12561827052545,1,7,47,20,20,9,100,False,True,202
404,49.622855542544876,6.171564765037763,2,12,54,60,60,8,100,True,False,162
405,49.58195236975189,6.118330907517727,2,19,42,40,40,3,100,True,False,51
406,49.600390071503284,6.098315553719007,1,11,58,20,20,2,100,True,False,94
407,49.60206394075477,6.152823322145177,1,12,53,50,50,4,100,True,False,100
408,49.595111962384614,6.134137758653018,2,6,4,30,30,8,100,True,False,83
409,49.633652438800134,6.128542025344134,1,6,2,30,30,5,100,True,False,187
410,49.62891096537965,6.115456100100408,1,6,22,60,60,8,100,True,False,171
411,49.6297560243117,6.168491117523196,1,19,52,10,10,10,100,True,False,177
412,49.607054553454944,6.126838331340656,1,15,11,60,60,4,100,True,False,112
413,49.61982476668432,6.119623775536627,2,23,17,40,40,7,100,True,False,156
414,49.5974350055725,6.099541278642372,2,10,2,20,20,7,100,False,True,79
415,49.64904782937734,6.1580744669882845,1,19,26,40,40,10,100,True,False,235
416,49.63998687339144,6.096571011605659,1,19,18,40,40,8,100,True,False,199
417,49.61606226706549,6.118861057031409,2,10,4,60,60,7,100,False,True,141
418,49.637230245687824,6.08994924414784,2,10,40,60,60,1,100,True,True,198
419,49.61644220543952,6.174600973588536,1,17,55,20,20,2,100,True,False,147
420,49.61969209665222,6.1160447219504315,1,19,22,20,20,10,100,True,False,156
421,49.56614051373517,6.100861659130721,1,9,59,50,50,5,100,True,True,4
422,49.62404892812723,6.104674681379371,1,14,25,60,60,7,100,True,False,154
423,49.62221291623649,6.144999348694955,1,1,2,30,30,7,100,True,False,159
424,49.616756959765034,6.097116155676136,2,7,34,40,40,5,100,False,True,139
425,49.63281487409037,6.174121157281153,1,19,13,20,20,9,100,True,False,192
426,49.61754457098592,6.139581624310981,2,12,2,30,30,2,100,True,False,143
427,49.604516675358546,6.1333496894383925,1,0,59,20,20,10,100,True,False,113
428,49.59320778337255,6.123660473507673,1,20,0,50,50,9,100,True,False,82
429,49.61876102505134,6.167751450997641,1,11,0,40,40,5,100,True,False,147
430,49.604588510288636,6.153562257584898,1,8,39,10,10,3,100,True,True,115
431,49.6357666841654,6.116833247982025,2,9,56,50,50,7,100,False,True,201
432,49.57646199050727,6.106244029522941,2,20,4,40,40,8,100,True,False,35
433,49.62092819592554,6.177866641857035,2,14,42,20,20,10,100,True,False,163
434,49.608873933043306,6.0944276949931275,2,8,53,30,30,3,100,True,True,123
435,49.614649216617295,6.132459832337807,2,9,32,20,20,9,100,True,True,143
436,49.64540186465659,6.106918904336334,1,23,58,60,60,3,100,True,False,215
437,49.63863751325964,6.1499911956690605,1,15,31,60,60,1,100,True,False,205
438,49.58651289828264,6.115763132211381,1,20,28,50,50,7,100,True,False,51
439,49.62381991103839,6.160972314307329,2,11,39,10,10,1,100,True,False,161
440,49.63368597048286,6.121339147031556,1,4,20,50,50,7,100,True,False,186
441,49.622669213578995,6.1295299605377505,2,15,51,30,30,9,100,True,False,157
442,49.63233586293956,6.089528096733349,2,4,26,60,60,2,100,True,False,183
443,49.60291897679935,6.136232428933948,1,19,30,40,40,10,100,True,False,98
444,49.61729465968656,6.158130110931167,2,12,44,60,60,8,100,True,False,145
445,49.58017954214345,6.122212433015004,1,12,13,10,10,2,100,True,False,36
446,49.64289264468166,6.148636828040864,1,18,13,60,60,4,100,True,False,219
447,49.59774519355901,6.099264353491516,2,8,21,60,60,9,100,False,True,94
448,49.59657683816155,6.1364320161767125,1,4,46,20,20,3,100,True,False,83
449,49.637965101963424,6.125917243207281,1,7,22,30,30,7,100,False,True,202
450,49.61836274772121,6.11048971846257,1,8,20,30,30,10,100,True,True,140
451,49.60997743380763,6.122405167234412,1,14,19,60,60,2,100,True,False,126
452,49.59269086070835,6.12673244084016,1,3,12,30,30,7,100,True,False,82
453,49.6391527879595,6.1060317072749495,1,16,9,50,50,10,100,True,False,200
454,49.58411367852849,6.118478511457785,2,13,45,60,60,1,100,True,False,51
455,49.59252571637721,6.14058689147571,1,7,27,50,50,7,100,False,True,84
456,49.58976387790339,6.118346644963823,1,22,5,60,60,9,100,True,False,66
457,49.605657676030305,6.112368001377315,1,16,24,20,20,4,100,True,False,110
458,49.60716062094185,6.157339587317708,2,17,26,20,20,3,100,True,False,115
459,49.616295366209556,6.165603640664286,2,11,36,40,40,4,100,True,False,146
460,49.60348416403252,6.136466040200251,2,15,10,60,60,6,100,True,False,113
461,49.650188206757306,6.113758961059011,2,20,54,20,20,3,100,True,False,231
462,49.621009686689966,6.118472823364877,1,18,16,40,40,10,100,True,False,156
463,49.63842551488715,6.104556848827893,2,16,46,10,10,5,100,True,False,199
464,49.640864269832704,6.130771123027156,2,15,3,50,50,4,100,True,False,202
465,49.64525734820383,6.107464356012663,2,3,13,10,10,2,100,True,False,215
466,49.63583761695197,6.11677924011237,2,10,30,40,40,7,100,False,True,201
467,49.60667843224569,6.170405593279926,2,9,10,20,20,7,100,True,True,117
468,49.63190743544979,6.177531745547623,2,11,23,60,60,9,100,True,False,193
469,49.64138240750458,6.088935501311323,1,15,13,60,60,8,100,True,False,213
470,49.5921467379686,6.141138805105661,2,16,42,20,20,1,100,False,False,84
471,49.60771913932123,6.182124998065228,2,11,20,40,40,9,100,True,False,118
472,49.640719260460536,6.093195224540699,2,7,38,30,30,4,100,True,True,198
473,49.635449494449446,6.116283615883154,2,10,56,60,60,9,100,False,True,186
474,49.59704820340324,6.1388758071855,2,18,41,60,60,8,100,True,False,83
475,49.63721678958437,6.1695335680732954,2,18,31,20,20,8,100,True,False,207
476,49.62129454157991,6.169144969456794,2,13,14,10,10,5,100,True,False,162
477,49.63242659206121,6.138284661889932,1,22,17,40,40,9,100,True,False,188
478,49.592360908555705,6.121102817372782,2,13,27,30,30,2,100,True,False,81
479,49.64439307223426,6.140124826409964,2,7,43,10,10,3,100,True,True,218
480,49.63258143060791,6.1717491337469905,2,10,42,40,40,1,100,True,True,192
481,49.60789216743724,6.136492323330737,1,10,47,10,10,2,100,True,True,113
482,49.61875116016592,6.131163003801224,2,16,23,20,20,10,100,True,False,142
483,49.58973810352577,6.140092177862833,2,22,26,40,40,5,100,True,False,68
484,49.575265600292255,6.09591999275599,2,1,39,60,60,8,100,True,False,18
485,49.61479590564465,6.165947271193646,2,12,22,20,20,5,100,True,False,146
486,49.62885590189689,6.155916691522444,1,11,17,20,20,3,100,True,False,175
487,49.59247077252293,6.140719589376271,1,8,31,50,50,10,100,False,True,84
488,49.61511330973218,6.126528923261237,2,22,7,20,20,8,100,True,False,142
489,49.614265209342676,6.125116454265402,2,18,42,10,10,6,100,True,False,142
490,49.63372969028605,6.132627646808977,2,12,23,60,60,9,100,True,False,188
491,49.60973134218549,6.09735306235232,2,22,52,10,10,9,100,True,False,124
492,49.62978733128048,6.166434144202167,1,14,9,10,10,10,100,True,False,176
493,49.64559694719384,6.140920695793344,1,12,26,10,10,5,100,True,False,219
494,49.62851827138239,6.16248749688432,2,13,20,50,50,8,100,True,False,176
495,49.61733205024823,6.1497444171920215,2,0,47,40,40,3,100,True,False,145
496,49.59692746476549,6.143738999311128,1,18,35,50,50,9,100,True,False,84
497,49.592268193607985,6.140921443429715,2,11,39,60,60,9,100,False,False,84
498,49.61076537479014,6.1223875721484315,2,2,53,10,10,8,100,True,False,126
499,49.60159329414589,6.1535299905641985,2,8,24,30,30,3,100,True,True,100
500,49.61558193028281,6.123783430007117,2,7,27,50,50,4,100,True,True,142
501,49.592248097093616,6.124841750746483,2,0,0,20,20,7,100,True,False,82
502,49.61256148177833,6.188266567771742,2,17,54,40,40,5,100,True,False,134
503,49.63585076458313,6.168664385535883,2,19,16,30,30,6,100,True,False,207
504,49.604219311995074,6.095651497518341,2,22,3,60,60,7,100,True,False,108
505,49.61664386898484,6.0970334818623755,2,10,55,40,40,10,100,False,True,139
506,49.61925959339449,6.101332223309799,2,18,31,40,40,5,100,True,False,139
507,49.63806606392661,6.125532451380261,2,7,17,50,50,9,100,False,True,202
508,49.600115519892015,6.09687116424711,1,8,24,30,30,3,100,True,True,94
509,49.62279805989607,6.126676090211651,2,21,59,50,50,4,100,True,False,157
510,49.61757855899113,6.158891131697088,1,14,23,60,60,7,100,True,False,146
511,49.616158624221384,6.1314799779734415,1,8,3,40,40,10,100,True,True,142
512,49.578781497016784,6.111343336199265,2,23,15,50,50,4,100,True,False,35
513,49.63430042379233,6.16774355419469,2,4,29,40,40,9,100,True,False,192
514,49.602252227353915,6.09725157968237,2,4,23,40,40,2,100,True,False,94
515,49.61757522288055,6.118119576233739,1,12,33,10,10,3,100,True,False,141
516,49.62665430571912,6.178416758328982,2,19,3,30,30,1,100,True,False,178
517,49.626074263949086,6.160166205317093,2,20,55,30,30,5,100,True,False,176
518,49.59423002990984,6.1462239650267465,1,9,49,10,10,2,100,True,True,84
519,49.63083661530087,6.145165661010414,2,0,5,40,40,1,100,True,False,189
520,49.586820649648814,6.116033871652685,1,10,14,20,20,7,100,True,True,66
521,49.64761468478799,6.154421373551027,1,15,7,40,40,8,100,True,False,235
522,49.64586569046723,6.12947571725881,1,18,17,20,20,4,100,True,False,217
523,49.616828632960924,6.097615645112264,2,7,56,50,50,7,100,False,True,139
524,49.6330665886344,6.1271935730071,2,18,3,20,20,5,100,True,False,187
525,49.59802743149318,6.139263845356314,2,19,40,30,30,6,100,True,False,98
526,49.61361458410801,6.173884931024145,2,12,38,10,10,1,100,True,False,132
527,49.599804211130746,6.1190853661884095,1,17,14,60,60,9,100,True,False,96
528,49.64438184046231,6.108146028759701,2,23,29,60,60,1,100,True,False,215
529,49.60029901865323,6.127594354626209,2,15,19,40,40,1,100,True,False,97
530,49.63247559954042,6.178057936012256,2,16,34,50,50,8,100,True,False,193
531,49.598035744158445,6.1308863013604284,1,17,1,60,60,8,100,True,False,97
532,49.608479891535666,6.150546402958259,1,17,58,30,30,10,100,True,False,130
533,49.64076121034039,6.145756783473055,1,20,42,50,50,4,100,True,False,204
534,49.63563611698268,6.164115747919143,2,15,0,60,60,9,100,True,False,191
535,49.602660468993484,6.115071434850903,1,16,12,30,30,3,100,True,False,96
536,49.63416312080912,6.165514290619593,1,21,33,30,30,6,100,True,False,191
537,49.61603964890402,6.118319140524916,1,7,49,10,10,9,100,False,True,141
538,49.62590112133495,6.138167353301588,2,14,52,50,50,5,100,True,False,173
539,49.61718821652357,6.1631155436301395,2,15,0,40,40,4,100,True,False,146
540,49.59311537412741,6.147554004507475,1,9,11,40,40,2,100,True,True,84
541,49.61229519905098,6.0943132432331355,1,10,7,30,30,9,100,True,True,123
542,49.62125457901023,6.132910842266269,2,3,40,20,20,6,100,True,False,158
543,49.638080426882276,6.125084699111226,1,7,20,60,60,10,100,False,True,202
544,49.61541125637613,6.105215632958042,2,15,57,30,30,1,100,True,False,140
545,49.59317430341238,6.141257622451021,1,4,26,50,50,8,100,True,False,84
546,49.63381355477154,6.162269765340569,1,19,38,10,10,10,100,True,False,191
547,49.64827494852353,6.146186216814322,2,10,1,50,50,3,100,True,True,234
548,49.594147037010146,6.146118225695635,2,16,25,60,60,9,100,True,False,84
549,49.594489904857355,6.138413616484763,2,16,54,60,60,4,100,True,False,83
550,49.58230248554377,6.118318620582538,1,19,30,60,60,4,100,True,False,51
551,49.63107758153438,6.136624734640712,1,11,55,50,50,2,100,True,False,188
552,49.64396346807099,6.104493079309106,1,23,15,10,10,2,100,True,False,214
553,49.575898691188655,6.112670412924184,2,4,46,50,50,8,100,True,False,35
554,49.633069444826496,6.080145505145827,2,11,0,20,20,3,100,True,False,182
555,49.61610275470783,6.1456716795926445,2,9,49,30,30,6,100,True,True,144
556,49.60624723075865,6.1064544164796315,2,6,1,30,30,3,100,True,False,110
557,49.61876578400132,6.125566417261906,1,0,48,50,50,6,100,True,False,142
558,49.57171789151858,6.106746940995992,1,16,59,30,30,2,100,True,False,20
559,49.61234302039256,6.138626861852086,1,3,32,10,10,6,100,True,False,128
560,49.6211849564868,6.143321774187527,1,10,42,10,10,3,100,True,True,159
561,49.59780743465117,6.099153788930862,2,9,13,40,40,8,100,False,True,94
562,49.609299713373936,6.108321330835822,1,14,17,20,20,4,100,True,False,125
563,49.61311075925421,6.186659173066773,2,10,24,40,40,7,100,True,True,134
564,49.59980047032042,6.125844215061958,2,12,39,40,40,2,100,True,False,97
565,49.62213939322147,6.130266367410609,1,21,14,60,60,3,100,True,False,157
566,49.5845855117901,6.102021457398138,2,21,48,40,40,5,100,True,False,49
567,49.597624409998105,6.099740031931303,2,10,2,30,30,10,100,False,True,94
568,49.63773124380076,6.168301648239281,1,14,23,20,20,10,100,True,False,207
569,49.6407475808447,6.140083152182007,1,14,22,30,30,6,100,True,False,203
570,49.63422478286893,6.124898360600379,2,7,32,20,20,4,100,True,True,187
571,49.59516145855781,6.143917123524852,2,13,21,30,30,8,100,True,False,84
572,49.61326987001164,6.143005409363724,2,19,48,60,60,5,100,True,False,129
573,49.619096389660896,6.138835322755805,2,16,24,50,50,10,100,True,False,143
574,49.61088140844996,6.107389472784067,1,7,0,60,60,7,100,True,True,125
575,49.626688096548,6.115652177453512,2,5,53,10,10,2,100,True,False,171
576,49.59151452424377,6.149167518700797,1,17,36,20,20,7,100,True,False,69
577,49.57860961790795,6.118172854282201,1,16,49,20,20,2,100,True,False,36
578,49.63552795867921,6.119018134389038,1,12,43,40,40,7,100,True,False,186
579,49.59503333666843,6.113401389358814,1,21,21,60,60,7,100,True,False,80
580,49.57915122704245,6.120234616597106,2,16,0,30,30,5,100,True,False,36
581,49.61094077918199,6.146034395355423,2,22,26,40,40,5,100,True,False,129
582,49.62575575510499,6.112765932724358,2,22,29,20,20,6,100,True,False,170
583,49.63044020686363,6.1351291210086645,1,21,55,20,20,10,100,True,False,188
584,49.62550674793383,6.150799535717437,2,15,30,20,20,8,100,True,False,175
585,49.64527235805241,6.085665032118117,1,17,22,10,10,2,100,True,False,212
586,49.612021032992104,6.142415577319882,2,17,23,20,20,4,100,True,False,129
587,49.60947626224351,6.130821664698744,2,18,4,40,40,10,100,True,False,127
588,49.61982284991034,6.168356229921504,1,15,53,10,10,7,100,True,False,162
589,49.63394690049714,6.166520383298384,1,19,8,50,50,4,100,True,False,191
590,49.60367470234215,6.109091970591411,1,13,34,10,10,9,100,True,False,110
591,49.56920927627445,6.109115327586175,2,20,48,50,50,7,100,True,False,5
592,49.602506723549254,6.116760744420449,2,7,26,40,40,9,100,True,True,96
593,49.60562839462399,6.1152627144146265,1,20,25,50,50,6,100,True,False,111
594,49.64142433743292,6.1222640264924975,1,8,17,20,20,1,100,True,True,216
595,49.58960770375569,6.105006172103944,2,8,31,30,30,4,100,True,True,65
596,49.58854647090729,6.084047922826477,2,14,9,40,40,2,100,True,False,62
597,49.590302265527086,6.1176689117355165,1,15,16,30,30,1,100,True,False,66
598,49.586337075542126,6.100651842349578,1,6,42,20,20,5,100,True,False,49
599,49.63812508722136,6.12561790199252,1,9,40,40,40,9,100,False,True,202
600,49.62074966331788,6.11153718160753,2,17,40,30,30,5,100,True,False,155
601,49.60325266835917,6.101907862712538,2,4,13,40,40,6,100,True,False,109
602,49.61106223734762,6.118251758154053,2,20,24,50,50,5,100,True,False,126
603,49.62877782698539,6.166679573967083,1,3,49,10,10,2,100,True,False,176
604,49.63558188795431,6.130373227643113,1,6,52,60,60,7,100,True,False,187
605,49.57802345194927,6.107802005420664,1,21,39,40,40,8,100,True,False,35
606,49.63065012255963,6.172297567571597,2,8,42,10,10,10,100,True,True,192
607,49.6267260710408,6.1197117341360805,1,18,20,60,60,7,100,True,False,171
608,49.60068553533116,6.129221991974175,2,8,42,40,40,10,100,True,True,97
609,49.61596912333649,6.13246309152432,2,3,42,10,10,6,100,True,False,143
610,49.60526235743248,6.132712501792169,2,14,11,40,40,3,100,True,False,113
611,49.63084977960871,6.073985850077845,2,4,36,30,30,9,100,True,False,181
612,49.60904359552192,6.12848300295075,2,0,27,30,30,1,100,True,False,127
613,49.62264817045906,6.111751084660632,1,8,37,10,10,3,100,True,True,155
614,49.627488502708346,6.152664072401737,2,13,31,40,40,8,100,True,False,175
615,49.60630888944529,6.119541709111992,1,18,9,50,50,4,100,True,False,111
616,49.62852595381423,6.167160581280197,1,19,24,30,30,1,100,True,False,177
617,49.6123104968901,6.146539962797254,2,11,39,40,40,2,100,True,False,129
618,49.62523765612689,6.113664167292552,2,21,24,50,50,8,100,True,False,170
619,49.58384685596551,6.121318442485127,1,9,31,60,60,4,100,True,True,51
620,49.62238352495894,6.131372820654753,2,1,5,20,20,6,100,True,False,157
621,49.61609570636799,6.156888520882942,2,7,34,10,10,6,100,True,True,145
622,49.61691891828564,6.11954354680128,2,18,27,60,60,4,100,True,False,141
623,49.60439644175799,6.112351872845031,2,15,32,10,10,2,100,True,False,110
624,49.60130720939768,6.125842375345509,1,7,20,40,40,6,100,True,True,97
625,49.614546235671746,6.122185463268297,2,18,21,50,50,8,100,True,False,141
626,49.59998216582541,6.133322521545704,2,21,33,40,40,6,100,True,False,98
627,49.60977890429856,6.108621474728317,1,10,42,20,20,6,100,True,True,125
628,49.62999692246481,6.145076268768873,1,12,59,30,30,1,100,True,False,174
629,49.630639370496915,6.173521217270046,1,14,38,40,40,1,100,True,False,192
630,49.6102357772621,6.114454857825213,2,16,39,20,20,7,100,True,False,126
631,49.636483111634064,6.143716148301571,1,18,21,50,50,5,100,True,False,204
632,49.61554199277494,6.160969940418595,2,10,57,60,60,8,100,True,True,146
633,49.6210022216918,6.101451827309791,1,15,33,50,50,4,100,True,False,154
634,49.62457755134442,6.104720366523927,1,18,57,40,40,9,100,True,False,154
635,49.603136419498185,6.098638829096987,1,3,47,10,10,6,100,True,False,109
636,49.600491145591384,6.114525480397366,2,18,32,50,50,1,100,True,False,96
637,49.646591894606324,6.15254063989739,2,18,14,50,50,4,100,True,False,220
638,49.617573389413884,6.160915843618724,1,21,15,30,30,10,100,True,False,146
639,49.62310574671433,6.150712467045393,2,6,34,60,60,3,100,True,False,160
640,49.61777839187625,6.155872063820811,2,12,44,50,50,6,100,True,False,145
641,49.64765744359403,6.154370717744542,2,6,14,30,30,4,100,True,False,235
642,49.62446557886727,6.1508255412312565,1,10,7,60,60,5,100,True,True,160
643,49.63562372343655,6.116880071348102,1,11,45,60,60,8,100,False,False,186
644,49.61357774305017,6.143598053336058,2,21,12,10,10,8,100,True,False,129
645,49.63330926281705,6.108857014007258,2,10,57,50,50,3,100,True,True,185
646,49.60530958158748,6.115304269401256,2,13,30,20,20,1,100,True,False,111
647,49.60829955788658,6.107329725394356,1,19,23,60,60,7,100,True,False,110
648,49.64193784755542,6.088992295678333,1,16,50,60,60,2,100,True,False,213
649,49.63161644948179,6.110636816385018,2,6,42,60,60,4,100,True,False,185
650,49.641543330519994,6.083590353743816,2,13,40,30,30,6,100,True,False,212
651,49.62178574606096,6.175935255129894,2,12,50,10,10,7,100,True,False,162
652,49.61633237872552,6.118486289884385,1,13,11,50,50,1,100,False,False,141
653,49.607413225319455,6.101756164067969,1,23,2,60,60,3,100,True,False,109
654,49.59483913150536,6.144237633935527,1,3,58,50,50,9,100,True,False,84
655,49.60896533422279,6.106283084288911,1,10,6,20,20,6,100,True,True,125
656,49.58306931602287,6.128867153175453,1,2,50,60,60,1,100,True,False,52
657,49.6318601310986,6.158806995239493,1,15,0,40,40,3,100,True,False,191
658,49.59810657657237,6.127691075107913,1,14,29,50,50,8,100,True,False,97
659,49.629260592299616,6.136343878215541,1,7,21,50,50,4,100,True,True,173
660,49.636351473385645,6.133406853553805,2,6,9,60,60,8,100,True,False,203
661,49.635565872936965,6.116988507680856,2,11,24,60,60,8,100,False,False,186
662,49.58118683402446,6.117924213296638,2,22,4,60,60,6,100,True,False,51
663,49.60332702188905,6.142708671876827,1,19,12,40,40,7,100,True,False,114
664,49.63166383860842,6.1127377804558245,2,3,54,10,10,5,100,True,False,185
665,49.61648051770367,6.096838282800019,2,11,22,20,20,10,100,False,False,139
666,49.610445837458755,6.124312743102871,2,8,48,30,30,1,100,True,True,127
667,49.583267910698254,6.1179358231392165,1,6,16,40,40,5,100,True,False,51
668,49.59855228333528,6.13830211485038,2,2,35,40,40,2,100,True,False,98
669,49.6203827531144,6.124255659893385,1,11,5,50,50,2,100,True,False,157
670,49.5980670252697,6.119720552286755,2,22,9,30,30,6,100,True,False,96
671,49.615320925697645,6.176846348023573,1,1,51,30,30,3,100,True,False,148
672,49.63979171983928,6.1310818285034605,2,15,55,50,50,6,100,True,False,202
673,49.59017707674586,6.105105904611112,2,9,47,10,10,5,100,True,True,65
674,49.61053930050156,6.145393910318659,1,9,40,30,30,2,100,True,True,129
675,49.61288819068963,6.143057678079509,2,14,17,40,40,7,100,True,False,129
676,49.58411647107408,6.113212809479525,1,21,9,20,20,7,100,True,False,50
677,49.58958277050095,6.106529530410438,1,8,18,30,30,10,100,True,True,65
678,49.61271632848497,6.140571636467259,2,7,46,30,30,6,100,True,True,129
679,49.59797267876052,6.09948102493755,2,9,25,30,30,2,100,False,True,94
680,49.60743802757713,6.170535060817592,2,21,3,30,30,6,100,True,False,117
681,49.5802199011438,6.117003987344601,1,15,8,20,20,5,100,True,False,36
682,49.62802869718255,6.106651601192804,1,7,10,10,10,9,100,True,True,170
683,49.61645658774547,6.097284454313526,2,9,27,50,50,9,100,False,True,139
684,49.618139741152,6.138880757516116,1,6,49,50,50,6,100,True,False,143
685,49.57919413103984,6.097308543601925,2,15,12,50,50,6,100,True,False,34
686,49.61868951136092,6.147354498993218,1,13,24,10,10,5,100,True,False,144
687,49.595394224794184,6.1534575657719595,2,19,56,20,20,1,100,True,False,85
688,49.61484031046836,6.097048010122737,1,20,47,40,40,1,100,True,False,139
689,49.62750725701391,6.099724349562347,1,18,44,40,40,10,100,True,False,169
690,49.610465836795434,6.133005026423602,2,21,27,30,30,6,100,True,False,128
691,49.60349506603197,6.084041528438437,2,8,6,10,10,8,100,True,True,107
692,49.61553152939347,6.118826486486454,2,7,37,40,40,9,100,False,True,141
693,49.60758472398703,6.1419375169991985,1,2,10,50,50,5,100,True,False,114
694,49.599999376836685,6.139218119268772,2,15,53,60,60,7,100,True,False,98
695,49.62902231816679,6.162427814411401,1,17,40,10,10,9,100,True,False,176
696,49.60128994205661,6.145894901288807,2,14,57,10,10,6,100,True,False,99
697,49.60710723086701,6.108646511501156,2,11,18,40,40,8,100,True,False,110
698,49.64754786734168,6.134133321883118,2,15,44,50,50,3,100,True,False,233
699,49.638044713234336,6.125677179984112,1,13,37,60,60,5,100,False,False,202
700,49.63818603011591,6.100327736265487,1,20,1,20,20,3,100,True,False,199
701,49.607394874637656,6.107693770632937,1,18,36,40,40,1,100,True,False,110
702,49.63463239880137,6.129481332276409,1,23,50,10,10,9,100,True,False,187
703,49.62469244363544,6.1276619831418015,1,9,35,60,60,8,100,True,True,157
704,49.64507698317644,6.102276378472648,1,6,52,10,10,6,100,True,False,214
705,49.624774685539045,6.114159686970279,1,7,1,60,60,5,100,True,True,156
706,49.59499935964222,6.146537359533759,2,16,16,20,20,5,100,True,False,84
707,49.64299089968695,6.119956895963653,2,10,44,60,60,5,100,True,True,216
708,49.58173666087007,6.12009955004735,2,14,24,50,50,5,100,True,False,51
709,49.62278832829868,6.165909600574455,2,17,39,40,40,6,100,True,False,161
710,49.64214854671728,6.11403570381806,1,14,41,40,40,4,100,True,False,216
711,49.62905455037588,6.160817371232515,1,14,42,30,30,9,100,True,False,176
712,49.63281071967219,6.139193794057644,1,20,47,40,40,7,100,True,False,188
713,49.6353455807252,6.1169820716798595,1,7,6,60,60,7,100,False,True,186
714,49.613259874101296,6.172719487636882,2,13,20,10,10,8,100,True,False,132
715,49.60351779906024,6.105919235567779,1,2,38,60,60,3,100,True,False,110
716,49.638178224893856,6.125737060411931,2,8,3,10,10,10,100,False,True,202
717,49.59765422584023,6.099306862844801,2,11,2,50,50,7,100,False,False,94
718,49.61924706541574,6.099575321317924,2,12,15,20,20,2,100,True,False,139
719,49.64552046922002,6.132579257669182,1,9,2,50,50,9,100,True,True,218
720,49.61378956221772,6.143003278191657,1,4,27,40,40,6,100,True,False,129
721,49.58744298697635,6.111157858134008,1,12,59,30,30,10,100,True,False,65
722,49.632514967721406,6.11358211654646,1,9,18,30,30,4,100,True,True,185
723,49.618637525610964,6.147553525928294,1,17,25,20,20,3,100,True,False,144
724,49.6114719715234,6.118192145811705,2,11,49,20,20,4,100,True,False,126
725,49.62038422562992,6.129763363269646,1,12,53,50,50,5,100,True,False,157
726,49.63592045541417,6.160783479827066,1,20,10,60,60,5,100,True,False,206
727,49.59951701521746,6.106427530116363,1,0,31,10,10,10,100,True,False,95
728,49.603998923642045,6.12069742126316,1,22,25,20,20,7,100,True,False,111
729,49.61609943220039,6.118683895353221,2,15,42,40,40,7,100,False,False,141
730,49.59023408756484,6.144058621526238,1,17,30,30,30,10,100,True,False,69
731,49.613963706760345,6.1158524589237935,2,12,16,60,60,5,100,True,False,141
732,49.60619594277132,6.13288897589351,1,20,56,10,10,7,100,True,False,113
733,49.63569704998236,6.082810202210943,2,16,45,50,50,4,100,True,False,182
734,49.607692088332406,6.187774749692421,1,6,53,50,50,8,100,True,False,119
735,49.61183649790809,6.103920704422997,1,18,53,10,10,9,100,True,False,124
736,49.6139018284668,6.163006850219137,1,17,38,60,60,2,100,True,False,146
737,49.60205091927249,6.115933146124667,2,11,33,10,10,10,100,True,False,96
738,49.60474578001016,6.153638636830296,2,20,37,20,20,4,100,True,False,115
739,49.61277682173599,6.120784248117159,1,13,38,20,20,7,100,True,False,126
740,49.63050820245928,6.145883538900655,1,1,4,50,50,4,100,True,False,189
741,49.62007393617582,6.106090860136939,2,11,34,50,50,5,100,True,False,155
742,49.57186218233469,6.108914661881214,2,10,25,50,50,9,100,True,True,20
743,49.618111462117454,6.171249917954825,1,14,22,30,30,4,100,True,False,147
744,49.63577413877486,6.117078168693014,2,10,46,40,40,7,100,False,True,201
745,49.643276525300955,6.141147959176128,2,13,2,20,20,5,100,True,False,219
746,49.63716061069878,6.082501640703634,2,11,24,60,60,3,100,True,False,197
747,49.62035193408959,6.161958129160397,1,20,9,40,40,8,100,True,False,161
748,49.64148148219007,6.082389914921129,2,14,12,50,50,9,100,True,False,212
749,49.607403371911474,6.1491729441140865,2,20,39,10,10,7,100,True,False,114
750,49.5961878631743,6.142412113613379,1,21,19,10,10,7,100,True,False,84
751,49.62917824440536,6.108547142514835,1,9,22,30,30,5,100,True,True,170
752,49.62745506247115,6.158346417972855,1,21,3,50,50,2,100,True,False,176
753,49.58933071191499,6.141825121962279,2,10,45,10,10,8,100,True,True,69
754,49.634948004849576,6.130580289661255,2,18,21,10,10,1,100,True,False,187
755,49.579638604802966,6.092553955998473,2,17,1,60,60,4,100,True,False,33
756,49.641601320398934,6.122073927276702,1,14,36,40,40,10,100,True,False,216
757,49.58890406583588,6.139145431385489,2,22,59,50,50,8,100,True,False,68
758,49.6154462453771,6.122709847757928,2,16,38,20,20,9,100,True,False,142
759,49.62008468510943,6.123060818312105,1,6,10,50,50,6,100,True,False,157
760,49.63264035118241,6.135379769214067,1,17,30,10,10,8,100,True,False,188
761,49.60791363700488,6.126662597697721,2,7,46,10,10,10,100,True,True,112
762,49.58511577784845,6.089708735779671,1,20,55,10,10,10,100,True,False,48
763,49.603063921265296,6.105015570875751,1,3,59,20,20,9,100,True,False,110
764,49.61510787663712,6.107302509496963,2,19,48,30,30,10,100,True,False,140
765,49.6212542539197,6.112840710282975,2,17,35,50,50,10,100,True,False,155
766,49.61451026880177,6.12967695657056,2,10,4,20,20,7,100,True,True,142
767,49.640323049426826,6.0806170088198455,2,14,25,40,40,10,100,True,False,197
768,49.59380284406342,6.120965305823432,1,19,55,20,20,4,100,True,False,81
769,49.58368266333541,6.113711587977801,1,20,16,30,30,4,100,True,False,50
770,49.616265818971705,6.1182537238825345,2,8,51,60,60,3,100,False,True,141
771,49.61490674411426,6.098029986338001,2,6,16,30,30,9,100,True,False,139
772,49.604415081853084,6.082144620515967,1,9,57,60,60,7,100,True,True,107
773,49.61389665744471,6.164658332541105,2,9,40,10,10,7,100,True,True,146
774,49.64146236955321,6.0940396454255765,2,7,7,40,40,1,100,True,True,213
775,49.590715534267076,6.118585390551956,2,11,45,50,50,2,100,True,False,66
776,49.62333147025041,6.187070917903558,1,8,4,30,30,5,100,True,True,164
777,49.630037908259865,6.172423618353148,2,16,28,50,50,5,100,True,False,177
778,49.6067695917223,6.102163199573076,1,11,29,40,40,6,100,True,False,109
779,49.62992977893014,6.157271158835755,1,8,8,30,30,6,100,True,True,175
780,49.62281765117019,6.186365248550531,1,18,22,40,40,3,100,True,False,164
781,49.62182552902763,6.157064464618214,1,6,58,50,50,3,100,True,False,160
782,49.63019968470799,6.155761082859952,2,17,45,40,40,8,100,True,False,175
783,49.61616242002468,6.1190004863593375,1,12,29,50,50,8,100,False,False,141
784,49.62354038402222,6.104010416334965,2,14,35,60,60,9,100,True,False,154
785,49.616510347062814,6.100933262343874,1,23,53,10,10,8,100,True,False,139
786,49.618657333069656,6.098121292596325,2,12,11,20,20,8,100,True,False,139
787,49.63752868502505,6.074430232061297,2,7,13,60,60,2,100,True,True,196
788,49.59741761159177,6.119600365788212,2,7,14,40,40,3,100,True,True,81
789,49.574237195639434,6.099901182163261,2,23,57,50,50,9,100,True,False,19
790,49.606775639029685,6.107495011578638,2,10,38,60,60,3,100,True,True,110
791,49.61170538523284,6.126115412822072,1,7,5,10,10,2,100,True,True,127
792,49.63564128841868,6.116511799680124,1,8,42,40,40,7,100,False,True,186
793,49.61004814833875,6.093422258096292,2,21,44,10,10,2,100,True,False,123
794,49.58599418773981,6.081234673161166,1,18,37,20,20,1,100,True,False,47
795,49.574588733580526,6.1134917500591035,2,21,55,10,10,6,100,True,False,20
796,49.5846372880148,6.1235119491284475,2,17,18,20,20,9,100,True,False,52
797,49.624535603645256,6.137709930196561,2,20,28,40,40,5,100,True,False,158
798,49.61163126281271,6.126186054474689,2,16,38,60,60,7,100,True,False,127
799,49.631345461277014,6.1339452159370715,1,20,3,10,10,2,100,True,False,188
800,49.63807743327524,6.125824335656727,1,7,16,40,40,8,100,False,True,202
