Protocol,Src IP,Src Port,Dst IP,Dst Port,Init Ts,Last Ts,Ts,Duration,Mac Addr,Type
ICMPv6,fe80::201:1:1:1,0,ff02::1a,0,49:16.5,49:16.5,1622140000000000.0,0,"{'0x0000ffff', '00:01:00:01:00:01:00:01'}",Normal
ICMPv6,fe80::201:1:1:1,0,fe80::20b:b:b:b,0,49:16.6,49:20.3,1622140000000000.0,3681000,"{'00:0b:00:0b:00:0b:00:0b', '00:01:00:01:00:01:00:01'}",Normal
WPAN,0,0,0,0,49:16.6,49:21.5,1622140000000000.0,4930000,set(),Malicious
ICMPv6,fe80::201:1:1:1,0,fe80::20c:c:c:c,0,49:16.7,49:20.9,1622140000000000.0,4188000,"{'00:0c:00:0c:00:0c:00:0c', '00:01:00:01:00:01:00:01'}",Normal
ICMPv6,fe80::201:1:1:1,0,fe80::20a:a:a:a,0,49:17.2,49:21.7,1622140000000000.0,4554000,"{'00:01:00:01:00:01:00:01', '00:0a:00:0a:00:0a:00:0a'}",Normal
ICMPv6,fe80::201:1:1:1,0,fe80::209:9:9:9,0,49:17.5,49:22.0,1622140000000000.0,4496000,"{'00:01:00:01:00:01:00:01', '00:09:00:09:00:09:00:09'}",Normal
ICMPv6,fe80::201:1:1:1,0,fe80::206:6:6:6,0,49:18.3,49:22.2,1622140000000000.0,3899000,"{'00:01:00:01:00:01:00:01', '00:06:00:06:00:06:00:06'}",Normal
ICMPv6,fe80::201:1:1:1,0,fe80::205:5:5:5,0,49:18.9,49:21.5,1622140000000000.0,2647000,"{'00:01:00:01:00:01:00:01', '00:05:00:05:00:05:00:05'}",Normal
ICMPv6,fe80::201:1:1:1,0,fe80::207:7:7:7,0,49:19.2,49:24.1,1622140000000000.0,4922000,"{'00:01:00:01:00:01:00:01', '00:07:00:07:00:07:00:07'}",Normal
ICMPv6,fe80::201:1:1:1,0,fe80::203:3:3:3,0,49:19.6,49:22.1,1622140000000000.0,2448000,"{'00:01:00:01:00:01:00:01', '00:03:00:03:00:03:00:03'}",Normal
ICMPv6,fe80::201:1:1:1,0,fe80::202:2:2:2,0,49:19.7,49:23.4,1622140000000000.0,3639000,"{'00:01:00:01:00:01:00:01', '00:02:00:02:00:02:00:02'}",Normal
ICMPv6,fe80::201:1:1:1,0,fe80::204:4:4:4,0,49:20.2,49:24.9,1622140000000000.0,4648000,"{'00:04:00:04:00:04:00:04', '00:01:00:01:00:01:00:01'}",Normal
WPAN,0,0,0,0,49:21.7,49:26.7,1622140000000000.0,4994040,set(),Malicious
ICMPv6,fe80::201:1:1:1,0,fe80::20b:b:b:b,0,49:23.0,49:23.0,1622140000000000.0,0,"{'00:0b:00:0b:00:0b:00:0b', '00:01:00:01:00:01:00:01'}",Normal
ICMPv6,fe80::201:1:1:1,0,fe80::206:6:6:6,0,49:23.5,49:26.4,1622140000000000.0,2932000,"{'00:01:00:01:00:01:00:01', '00:06:00:06:00:06:00:06'}",Normal
ICMPv6,::201:1:1:1,0,::209:9:9:9,0,49:24.1,49:24.1,1622140000000000.0,0,"{'00:01:00:01:00:01:00:01', '00:09:00:09:00:09:00:09'}",Malicious
ICMPv6,::201:1:1:1,0,::209:9:9:9,0,49:24.1,49:24.1,1622140000000000.0,0,"{'00:01:00:01:00:01:00:01', '00:09:00:09:00:09:00:09'}",Malicious
ICMPv6,fe80::201:1:1:1,0,ff02::1a,0,49:24.2,49:24.2,1622140000000000.0,0,"{'0x0000ffff', '00:01:00:01:00:01:00:01'}",Normal
ICMPv6,fe80::201:1:1:1,0,fe80::205:5:5:5,0,49:24.7,49:24.7,1622140000000000.0,0,"{'00:01:00:01:00:01:00:01', '00:05:00:05:00:05:00:05'}",Normal
ICMPv6,fe80::201:1:1:1,0,fe80::207:7:7:7,0,49:25.3,49:25.3,1622140000000000.0,0,"{'00:01:00:01:00:01:00:01', '00:07:00:07:00:07:00:07'}",Normal
ICMPv6,fe80::201:1:1:1,0,fe80::202:2:2:2,0,49:25.4,49:28.1,1622140000000000.0,2712000,"{'00:01:00:01:00:01:00:01', '00:02:00:02:00:02:00:02'}",Normal
ICMPv6,::201:1:1:1,0,::20c:c:c:c,0,49:25.5,49:25.5,1622140000000000.0,0,"{'00:0c:00:0c:00:0c:00:0c', '00:01:00:01:00:01:00:01'}",Malicious
ICMPv6,::201:1:1:1,0,::20c:c:c:c,0,49:25.6,49:25.6,1622140000000000.0,0,"{'00:0c:00:0c:00:0c:00:0c', '00:01:00:01:00:01:00:01'}",Malicious
ICMPv6,::201:1:1:1,0,::203:3:3:3,0,49:25.8,49:25.8,1622140000000000.0,0,"{'00:01:00:01:00:01:00:01', '00:03:00:03:00:03:00:03'}",Malicious
ICMPv6,::201:1:1:1,0,::203:3:3:3,0,49:25.9,49:25.9,1622140000000000.0,0,"{'00:01:00:01:00:01:00:01', '00:03:00:03:00:03:00:03'}",Malicious
ICMPv6,::201:1:1:1,0,::203:3:3:3,0,49:25.9,49:30.9,1622140000000000.0,4990264,"{'00:01:00:01:00:01:00:01', '00:03:00:03:00:03:00:03'}",Malicious
ICMPv6,::201:1:1:1,0,::203:3:3:3,0,49:25.9,49:30.8,1622140000000000.0,4949000,"{'00:01:00:01:00:01:00:01', '00:03:00:03:00:03:00:03'}",Malicious
ICMPv6,::201:1:1:1,0,::20a:a:a:a,0,49:26.0,49:26.0,1622140000000000.0,0,"{'00:01:00:01:00:01:00:01', '00:0a:00:0a:00:0a:00:0a'}",Malicious
ICMPv6,::201:1:1:1,0,::20a:a:a:a,0,49:26.0,49:26.0,1622140000000000.0,0,"{'00:01:00:01:00:01:00:01', '00:0a:00:0a:00:0a:00:0a'}",Malicious
ICMPv6,::201:1:1:1,0,::20b:b:b:b,0,49:26.6,49:26.6,1622140000000000.0,0,"{'00:0b:00:0b:00:0b:00:0b', '00:01:00:01:00:01:00:01'}",Malicious
ICMPv6,::201:1:1:1,0,::20b:b:b:b,0,49:26.6,49:26.6,1622140000000000.0,0,"{'00:0b:00:0b:00:0b:00:0b', '00:01:00:01:00:01:00:01'}",Malicious
ICMPv6,fe80::209:9:9:9,0,ff02::1a,0,49:26.8,49:26.8,1622140000000000.0,0,"{'0x0000ffff', '00:09:00:09:00:09:00:09'}",Malicious
WPAN,0,0,0,0,49:26.8,49:31.7,1622140000000000.0,4970000,set(),Malicious
UDP,::201:1:1:1,5555,::20c:c:c:c,6666,49:27.2,49:27.2,1622140000000000.0,0,"{'00:0c:00:0c:00:0c:00:0c', '00:01:00:01:00:01:00:01'}",Normal
UDP,::201:1:1:1,5555,::20a:a:a:a,6666,49:27.3,49:32.3,1622140000000000.0,4979000,"{'00:01:00:01:00:01:00:01', '00:0a:00:0a:00:0a:00:0a'}",Normal
ICMPv6,::201:1:1:1,0,::207:7:7:7,0,49:27.8,49:27.8,1622140000000000.0,0,"{'00:01:00:01:00:01:00:01', '00:07:00:07:00:07:00:07'}",Malicious
ICMPv6,::201:1:1:1,0,::207:7:7:7,0,49:27.9,49:27.9,1622140000000000.0,0,"{'00:01:00:01:00:01:00:01', '00:07:00:07:00:07:00:07'}",Malicious
ICMPv6,fe80::201:1:1:1,0,fe80::204:4:4:4,0,49:27.9,49:27.9,1622140000000000.0,0,"{'00:04:00:04:00:04:00:04', '00:01:00:01:00:01:00:01'}",Normal
UDP,::201:1:1:1,5555,::209:9:9:9,6666,49:28.3,49:33.2,1622140000000000.0,4927000,"{'00:01:00:01:00:01:00:01', '00:09:00:09:00:09:00:09'}",Normal
ICMPv6,fe80::20c:c:c:c,0,ff02::1a,0,49:28.4,49:28.4,1622140000000000.0,0,"{'0x0000ffff', '00:0c:00:0c:00:0c:00:0c'}",Malicious
UDP,::201:1:1:1,5555,::20b:b:b:b,6666,49:28.5,49:28.5,1622140000000000.0,0,"{'00:0b:00:0b:00:0b:00:0b', '00:01:00:01:00:01:00:01'}",Normal
ICMPv6,::201:1:1:1,0,::206:6:6:6,0,49:29.0,49:29.0,1622140000000000.0,0,"{'00:01:00:01:00:01:00:01', '00:06:00:06:00:06:00:06'}",Malicious
ICMPv6,::201:1:1:1,0,::206:6:6:6,0,49:29.0,49:29.0,1622140000000000.0,0,"{'00:01:00:01:00:01:00:01', '00:06:00:06:00:06:00:06'}",Malicious
ICMPv6,fe80::20a:a:a:a,0,ff02::1a,0,49:29.2,49:29.2,1622140000000000.0,0,"{'0x0000ffff', '00:0a:00:0a:00:0a:00:0a'}",Malicious
ICMPv6,fe80::20b:b:b:b,0,ff02::1a,0,49:29.8,49:29.8,1622140000000000.0,0,"{'0x0000ffff', '00:0b:00:0b:00:0b:00:0b'}",Malicious
ICMPv6,fe80::208:8:8:8,0,fe80::209:9:9:9,0,49:29.8,49:34.1,1622140000000000.0,4291000,"{'00:08:00:08:00:08:00:08', '00:09:00:09:00:09:00:09'}",Malicious
ICMPv6,::201:1:1:1,0,::205:5:5:5,0,49:30.2,49:30.2,1622140000000000.0,0,"{'00:01:00:01:00:01:00:01', '00:05:00:05:00:05:00:05'}",Malicious
ICMPv6,::201:1:1:1,0,::205:5:5:5,0,49:30.2,49:30.2,1622140000000000.0,0,"{'00:01:00:01:00:01:00:01', '00:05:00:05:00:05:00:05'}",Malicious
ICMPv6,::201:1:1:1,0,::203:3:3:3,0,49:30.9,49:35.9,1622140000000000.0,4956328,"{'00:01:00:01:00:01:00:01', '00:03:00:03:00:03:00:03'}",Malicious
ICMPv6,::201:1:1:1,0,::203:3:3:3,0,49:30.9,49:35.9,1622140000000000.0,4983000,"{'00:01:00:01:00:01:00:01', '00:03:00:03:00:03:00:03'}",Malicious
ICMPv6,fe80::207:7:7:7,0,ff02::1a,0,49:31.5,49:31.5,1622140000000000.0,0,"{'0x0000ffff', '00:07:00:07:00:07:00:07'}",Malicious
WPAN,0,0,0,0,49:31.8,49:36.8,1622140000000000.0,5000000,set(),Malicious
ICMPv6,::201:1:1:1,0,::204:4:4:4,0,49:32.0,49:32.1,1622140000000000.0,45664,"{'00:04:00:04:00:04:00:04', '00:01:00:01:00:01:00:01'}",Malicious
ICMPv6,::201:1:1:1,0,::204:4:4:4,0,49:32.0,49:32.0,1622140000000000.0,0,"{'00:04:00:04:00:04:00:04', '00:01:00:01:00:01:00:01'}",Malicious
UDP,::201:1:1:1,5555,::206:6:6:6,6666,49:32.1,49:36.7,1622140000000000.0,4577000,"{'00:01:00:01:00:01:00:01', '00:06:00:06:00:06:00:06'}",Normal
UDP,::201:1:1:1,5555,::20c:c:c:c,6666,49:32.6,49:37.4,1622140000000000.0,4834000,"{'00:0c:00:0c:00:0c:00:0c', '00:01:00:01:00:01:00:01'}",Normal
UDP,::201:1:1:1,5555,::204:4:4:4,6666,49:32.6,49:32.6,1622140000000000.0,0,"{'00:04:00:04:00:04:00:04', '00:01:00:01:00:01:00:01'}",Normal
ICMPv6,fe80::206:6:6:6,0,ff02::1a,0,49:32.8,49:32.8,1622140000000000.0,0,"{'0x0000ffff', '00:06:00:06:00:06:00:06'}",Malicious
ICMPv6,::201:1:1:1,0,::202:2:2:2,0,49:33.3,49:33.5,1622140000000000.0,185328,"{'00:01:00:01:00:01:00:01', '00:02:00:02:00:02:00:02'}",Malicious
ICMPv6,::201:1:1:1,0,::202:2:2:2,0,49:33.3,49:33.3,1622140000000000.0,0,"{'00:01:00:01:00:01:00:01', '00:02:00:02:00:02:00:02'}",Malicious
UDP,::201:1:1:1,5555,::207:7:7:7,6666,49:33.3,49:37.6,1622140000000000.0,4287000,"{'00:01:00:01:00:01:00:01', '00:07:00:07:00:07:00:07'}",Normal
UDP,::201:1:1:1,5555,::202:2:2:2,6666,49:33.5,49:33.5,1622140000000000.0,0,"{'00:01:00:01:00:01:00:01', '00:02:00:02:00:02:00:02'}",Normal
ICMPv6,fe80::205:5:5:5,0,ff02::1a,0,49:33.8,49:33.8,1622140000000000.0,0,"{'0x0000ffff', '00:05:00:05:00:05:00:05'}",Malicious
ICMPv6,fe80::209:9:9:9,0,ff02::1a,0,49:34.4,49:34.4,1622140000000000.0,0,"{'0x0000ffff', '00:09:00:09:00:09:00:09'}",Malicious
UDP,::201:1:1:1,5555,::20b:b:b:b,6666,49:34.4,49:38.7,1622140000000000.0,4215000,"{'00:0b:00:0b:00:0b:00:0b', '00:01:00:01:00:01:00:01'}",Normal
ICMPv6,fe80::204:4:4:4,0,ff02::1a,0,49:34.5,49:34.5,1622140000000000.0,0,"{'0x0000ffff', '00:04:00:04:00:04:00:04'}",Malicious
ICMPv6,fe80::201:1:1:1,0,ff02::1a,0,49:34.7,49:34.7,1622140000000000.0,0,"{'0x0000ffff', '00:01:00:01:00:01:00:01'}",Normal
UDP,::201:1:1:1,5555,::205:5:5:5,6666,49:35.5,49:39.7,1622140000000000.0,4170000,"{'00:01:00:01:00:01:00:01', '00:05:00:05:00:05:00:05'}",Normal
ICMPv6,fe80::20a:a:a:a,0,ff02::1a,0,49:35.8,49:39.2,1622140000000000.0,3379000,"{'0x0000ffff', '00:0a:00:0a:00:0a:00:0a'}",Malicious
ICMPv6,fe80::208:8:8:8,0,ff02::1a,0,49:35.9,49:35.9,1622140000000000.0,0,"{'0x0000ffff', '00:08:00:08:00:08:00:08'}",Malicious
ICMPv6,::201:1:1:1,0,::203:3:3:3,0,49:35.9,49:40.9,1622140000000000.0,4984336,"{'00:01:00:01:00:01:00:01', '00:03:00:03:00:03:00:03'}",Malicious
ICMPv6,::201:1:1:1,0,::203:3:3:3,0,49:35.9,49:40.9,1622140000000000.0,4992000,"{'00:01:00:01:00:01:00:01', '00:03:00:03:00:03:00:03'}",Malicious
WPAN,0,0,0,0,49:36.8,49:41.8,1622140000000000.0,4994008,set(),Malicious
ICMPv6,fe80::20c:c:c:c,0,ff02::1a,0,49:36.9,49:36.9,1622140000000000.0,0,"{'0x0000ffff', '00:0c:00:0c:00:0c:00:0c'}",Malicious
ICMPv6,fe80::202:2:2:2,0,ff02::1a,0,49:36.9,49:36.9,1622140000000000.0,0,"{'0x0000ffff', '00:02:00:02:00:02:00:02'}",Malicious
ICMPv6,fe80::208:8:8:8,0,fe80::209:9:9:9,0,49:37.4,49:37.4,1622140000000000.0,0,"{'00:08:00:08:00:08:00:08', '00:09:00:09:00:09:00:09'}",Malicious
UDP,::201:1:1:1,5555,::204:4:4:4,6666,49:37.6,49:37.6,1622140000000000.0,0,"{'00:04:00:04:00:04:00:04', '00:01:00:01:00:01:00:01'}",Normal
UDP,::201:1:1:1,5555,::20a:a:a:a,6666,49:37.7,49:42.4,1622140000000000.0,4651000,"{'00:01:00:01:00:01:00:01', '00:0a:00:0a:00:0a:00:0a'}",Normal
UDP,::201:1:1:1,5555,::209:9:9:9,6666,49:37.9,49:37.9,1622140000000000.0,0,"{'00:01:00:01:00:01:00:01', '00:09:00:09:00:09:00:09'}",Normal
ICMPv6,fe80::207:7:7:7,0,ff02::1a,0,49:38.6,49:38.6,1622140000000000.0,0,"{'0x0000ffff', '00:07:00:07:00:07:00:07'}",Malicious
ICMPv6,fe80::206:6:6:6,0,ff02::1a,0,49:38.8,49:38.8,1622140000000000.0,0,"{'0x0000ffff', '00:06:00:06:00:06:00:06'}",Malicious
ICMPv6,fe80::20b:b:b:b,0,ff02::1a,0,49:38.9,49:38.9,1622140000000000.0,0,"{'0x0000ffff', '00:0b:00:0b:00:0b:00:0b'}",Malicious
UDP,::201:1:1:1,5555,::202:2:2:2,6666,49:39.2,49:43.5,1622140000000000.0,4243000,"{'00:01:00:01:00:01:00:01', '00:02:00:02:00:02:00:02'}",Normal
ICMPv6,fe80::209:9:9:9,0,ff02::1a,0,49:39.8,49:39.8,1622140000000000.0,0,"{'0x0000ffff', '00:09:00:09:00:09:00:09'}",Malicious
ICMPv6,::201:1:1:1,0,::203:3:3:3,0,49:41.0,49:45.9,1622140000000000.0,4985000,"{'00:01:00:01:00:01:00:01', '00:03:00:03:00:03:00:03'}",Malicious
ICMPv6,::201:1:1:1,0,::203:3:3:3,0,49:41.0,49:46.0,1622140000000000.0,4961000,"{'00:01:00:01:00:01:00:01', '00:03:00:03:00:03:00:03'}",Malicious
ICMPv6,fe80::205:5:5:5,0,ff02::1a,0,49:41.5,49:41.5,1622140000000000.0,0,"{'0x0000ffff', '00:05:00:05:00:05:00:05'}",Malicious
ICMPv6,fe80::204:4:4:4,0,ff02::1a,0,49:41.6,49:41.6,1622140000000000.0,0,"{'0x0000ffff', '00:04:00:04:00:04:00:04'}",Malicious
WPAN,0,0,0,0,49:41.8,49:46.8,1622140000000000.0,4985696,set(),Malicious
ICMPv6,::201:1:1:1,0,::208:8:8:8,0,49:42.1,49:42.3,1622140000000000.0,141000,"{'00:08:00:08:00:08:00:08', '00:01:00:01:00:01:00:01', '00:09:00:09:00:09:00:09'}",Malicious
UDP,::201:1:1:1,5555,::206:6:6:6,6666,49:42.2,49:46.8,1622140000000000.0,4597000,"{'00:01:00:01:00:01:00:01', '00:06:00:06:00:06:00:06'}",Normal
ICMPv6,::201:1:1:1,0,::209:9:9:9,0,49:42.3,49:42.3,1622140000000000.0,0,"{'00:01:00:01:00:01:00:01', '00:09:00:09:00:09:00:09'}",Malicious
ICMPv6,::201:1:1:1,0,::208:8:8:8,0,49:42.4,49:42.4,1622140000000000.0,0,"{'00:08:00:08:00:08:00:08', '00:09:00:09:00:09:00:09'}",Malicious
UDP,::201:1:1:1,5555,::204:4:4:4,6666,49:43.0,49:43.0,1622140000000000.0,0,"{'00:04:00:04:00:04:00:04', '00:01:00:01:00:01:00:01'}",Normal
UDP,::201:1:1:1,5555,::20c:c:c:c,6666,49:43.0,49:43.0,1622140000000000.0,0,"{'00:0c:00:0c:00:0c:00:0c', '00:01:00:01:00:01:00:01'}",Normal
UDP,::201:1:1:1,5555,::20b:b:b:b,6666,49:43.1,49:47.8,1622140000000000.0,4686000,"{'00:0b:00:0b:00:0b:00:0b', '00:01:00:01:00:01:00:01'}",Normal
UDP,::201:1:1:1,5555,::207:7:7:7,6666,49:43.2,49:43.2,1622140000000000.0,0,"{'00:01:00:01:00:01:00:01', '00:07:00:07:00:07:00:07'}",Normal
UDP,::201:1:1:1,5555,::209:9:9:9,6666,49:43.3,49:43.3,1622140000000000.0,17000,"{'00:01:00:01:00:01:00:01', '00:09:00:09:00:09:00:09'}",Normal
ICMPv6,fe80::202:2:2:2,0,ff02::1a,0,49:43.6,49:43.6,1622140000000000.0,0,"{'0x0000ffff', '00:02:00:02:00:02:00:02'}",Malicious
UDP,::201:1:1:1,5555,::205:5:5:5,6666,49:44.1,49:48.9,1622140000000000.0,4814000,"{'00:01:00:01:00:01:00:01', '00:05:00:05:00:05:00:05'}",Normal
ICMPv6,fe80::20a:a:a:a,0,ff02::1a,0,49:44.5,49:44.5,1622140000000000.0,0,"{'0x0000ffff', '00:0a:00:0a:00:0a:00:0a'}",Malicious
ICMPv6,fe80::209:9:9:9,0,ff02::1a,0,49:45.3,49:45.3,1622140000000000.0,0,"{'0x0000ffff', '00:09:00:09:00:09:00:09'}",Malicious
UDP,::201:1:1:1,5555,::208:8:8:8,6666,49:45.8,49:45.9,1622140000000000.0,21664,"{'00:08:00:08:00:08:00:08', '00:01:00:01:00:01:00:01', '00:09:00:09:00:09:00:09'}",Normal
ICMPv6,::201:1:1:1,0,::203:3:3:3,0,49:46.0,49:51.0,1622140000000000.0,4979664,"{'00:01:00:01:00:01:00:01', '00:03:00:03:00:03:00:03'}",Malicious
ICMPv6,::201:1:1:1,0,::203:3:3:3,0,49:46.1,49:51.1,1622140000000000.0,4994000,"{'00:01:00:01:00:01:00:01', '00:03:00:03:00:03:00:03'}",Malicious
ICMPv6,fe80::208:8:8:8,0,ff02::1a,0,49:46.3,49:46.3,1622140000000000.0,0,"{'0x0000ffff', '00:08:00:08:00:08:00:08'}",Malicious
ICMPv6,fe80::20c:c:c:c,0,ff02::1a,0,49:46.7,49:46.7,1622140000000000.0,0,"{'0x0000ffff', '00:0c:00:0c:00:0c:00:0c'}",Malicious
ICMPv6,fe80::207:7:7:7,0,ff02::1a,0,49:46.8,49:46.8,1622140000000000.0,0,"{'0x0000ffff', '00:07:00:07:00:07:00:07'}",Malicious
WPAN,0,0,0,0,49:46.8,49:51.8,1622140000000000.0,4978624,set(),Malicious
UDP,::201:1:1:1,5555,::202:2:2:2,6666,49:47.7,49:47.7,1622140000000000.0,0,"{'00:01:00:01:00:01:00:01', '00:02:00:02:00:02:00:02'}",Normal
UDP,::201:1:1:1,5555,::20a:a:a:a,6666,49:48.1,49:48.1,1622140000000000.0,0,"{'00:01:00:01:00:01:00:01', '00:0a:00:0a:00:0a:00:0a'}",Normal
UDP,::201:1:1:1,5555,::204:4:4:4,6666,49:48.3,49:52.7,1622140000000000.0,4360664,"{'00:04:00:04:00:04:00:04', '00:01:00:01:00:01:00:01'}",Normal
UDP,::201:1:1:1,5555,::20c:c:c:c,6666,49:48.3,49:48.4,1622140000000000.0,27000,"{'00:0c:00:0c:00:0c:00:0c', '00:01:00:01:00:01:00:01'}",Normal
UDP,::201:1:1:1,5555,::209:9:9:9,6666,49:48.5,49:48.5,1622140000000000.0,0,"{'00:01:00:01:00:01:00:01', '00:09:00:09:00:09:00:09'}",Normal
UDP,::201:1:1:1,5555,::207:7:7:7,6666,49:48.9,49:53.9,1622140000000000.0,4942000,"{'00:01:00:01:00:01:00:01', '00:07:00:07:00:07:00:07'}",Normal
ICMPv6,fe80::20b:b:b:b,0,ff02::1a,0,49:49.1,49:49.1,1622140000000000.0,0,"{'0x0000ffff', '00:0b:00:0b:00:0b:00:0b'}",Malicious
UDP,::201:1:1:1,5555,::208:8:8:8,6666,49:51.0,49:55.9,1622140000000000.0,4895672,"{'00:08:00:08:00:08:00:08', '00:01:00:01:00:01:00:01', '00:09:00:09:00:09:00:09'}",Normal
ICMPv6,::201:1:1:1,0,::203:3:3:3,0,49:51.1,49:56.0,1622140000000000.0,4986664,"{'00:01:00:01:00:01:00:01', '00:03:00:03:00:03:00:03'}",Malicious
ICMPv6,::201:1:1:1,0,::203:3:3:3,0,49:51.1,49:56.0,1622140000000000.0,4916672,"{'00:01:00:01:00:01:00:01', '00:03:00:03:00:03:00:03'}",Malicious
ICMPv6,fe80::208:8:8:8,0,ff02::1a,0,49:51.7,49:51.7,1622140000000000.0,0,"{'0x0000ffff', '00:08:00:08:00:08:00:08'}",Malicious
ICMPv6,fe80::205:5:5:5,0,ff02::1a,0,49:51.7,49:51.7,1622140000000000.0,0,"{'0x0000ffff', '00:05:00:05:00:05:00:05'}",Malicious
UDP,::201:1:1:1,5555,::206:6:6:6,6666,49:51.7,49:51.7,1622140000000000.0,0,"{'00:01:00:01:00:01:00:01', '00:06:00:06:00:06:00:06'}",Normal
WPAN,0,0,0,0,49:51.9,49:56.9,1622140000000000.0,4999000,set(),Malicious
ICMPv6,fe80::204:4:4:4,0,ff02::1a,0,49:52.6,49:52.6,1622140000000000.0,0,"{'0x0000ffff', '00:04:00:04:00:04:00:04'}",Malicious
UDP,::201:1:1:1,5555,::205:5:5:5,6666,49:53.0,49:53.1,1622140000000000.0,77664,"{'00:01:00:01:00:01:00:01', '00:05:00:05:00:05:00:05'}",Normal
UDP,::201:1:1:1,5555,::20a:a:a:a,6666,49:53.2,49:57.6,1622140000000000.0,4379000,"{'00:01:00:01:00:01:00:01', '00:0a:00:0a:00:0a:00:0a'}",Normal
UDP,::201:1:1:1,5555,::202:2:2:2,6666,49:53.6,49:53.6,1622140000000000.0,25328,"{'00:01:00:01:00:01:00:01', '00:02:00:02:00:02:00:02'}",Normal
ICMPv6,fe80::206:6:6:6,0,ff02::1a,0,49:53.6,49:53.6,1622140000000000.0,0,"{'0x0000ffff', '00:06:00:06:00:06:00:06'}",Malicious
UDP,::201:1:1:1,5555,::20b:b:b:b,6666,49:53.8,49:57.9,1622140000000000.0,4117000,"{'00:0b:00:0b:00:0b:00:0b', '00:01:00:01:00:01:00:01'}",Normal
UDP,::201:1:1:1,5555,::209:9:9:9,6666,49:53.9,49:58.7,1622140000000000.0,4810000,"{'00:01:00:01:00:01:00:01', '00:09:00:09:00:09:00:09'}",Normal
UDP,::201:1:1:1,5555,::20c:c:c:c,6666,49:54.1,49:58.9,1622140000000000.0,4775328,"{'00:0c:00:0c:00:0c:00:0c', '00:01:00:01:00:01:00:01'}",Normal
UDP,::201:1:1:1,5555,::208:8:8:8,6666,49:56.0,50:00.3,1622140000000000.0,4230000,"{'00:08:00:08:00:08:00:08', '00:01:00:01:00:01:00:01', '00:09:00:09:00:09:00:09'}",Normal
ICMPv6,::201:1:1:1,0,::203:3:3:3,0,49:56.1,50:01.1,1622140000000000.0,4993000,"{'00:01:00:01:00:01:00:01', '00:03:00:03:00:03:00:03'}",Malicious
ICMPv6,::201:1:1:1,0,::203:3:3:3,0,49:56.1,50:01.1,1622140000000000.0,4957000,"{'00:01:00:01:00:01:00:01', '00:03:00:03:00:03:00:03'}",Malicious
WPAN,0,0,0,0,49:56.9,50:01.8,1622140000000000.0,4981000,set(),Malicious
UDP,::201:1:1:1,5555,::206:6:6:6,6666,49:57.0,50:01.9,1622140000000000.0,4915000,"{'00:01:00:01:00:01:00:01', '00:06:00:06:00:06:00:06'}",Normal
UDP,::201:1:1:1,5555,::204:4:4:4,6666,49:57.0,50:01.1,1622140000000000.0,4155000,"{'00:04:00:04:00:04:00:04', '00:01:00:01:00:01:00:01'}",Normal
ICMPv6,fe80::207:7:7:7,0,ff02::1a,0,49:57.1,49:57.1,1622140000000000.0,0,"{'0x0000ffff', '00:07:00:07:00:07:00:07'}",Malicious
UDP,::201:1:1:1,5555,::207:7:7:7,6666,49:58.1,50:02.4,1622140000000000.0,4306000,"{'00:01:00:01:00:01:00:01', '00:07:00:07:00:07:00:07'}",Normal
UDP,::201:1:1:1,5555,::205:5:5:5,6666,49:58.5,50:02.6,1622140000000000.0,4088000,"{'00:01:00:01:00:01:00:01', '00:05:00:05:00:05:00:05'}",Normal
UDP,::201:1:1:1,5555,::202:2:2:2,6666,49:58.7,50:03.7,1622140000000000.0,4993000,"{'00:01:00:01:00:01:00:01', '00:02:00:02:00:02:00:02'}",Normal
ICMPv6,fe80::209:9:9:9,0,ff02::1a,0,49:59.6,49:59.6,1622140000000000.0,0,"{'0x0000ffff', '00:09:00:09:00:09:00:09'}",Malicious
ICMPv6,fe80::202:2:2:2,0,ff02::1a,0,50:00.6,50:00.6,1622150000000000.0,0,"{'0x0000ffff', '00:02:00:02:00:02:00:02'}",Malicious
ICMPv6,::201:1:1:1,0,::203:3:3:3,0,50:01.1,50:06.1,1622150000000000.0,4996000,"{'00:01:00:01:00:01:00:01', '00:03:00:03:00:03:00:03'}",Malicious
ICMPv6,::201:1:1:1,0,::203:3:3:3,0,50:01.2,50:06.2,1622150000000000.0,4993000,"{'00:01:00:01:00:01:00:01', '00:03:00:03:00:03:00:03'}",Malicious
WPAN,0,0,0,0,50:01.9,50:06.9,1622150000000000.0,4994464,set(),Malicious
UDP,::201:1:1:1,5555,::20a:a:a:a,6666,50:02.6,50:02.6,1622150000000000.0,0,"{'00:01:00:01:00:01:00:01', '00:0a:00:0a:00:0a:00:0a'}",Normal
ICMPv6,fe80::20a:a:a:a,0,ff02::1a,0,50:02.8,50:02.8,1622150000000000.0,0,"{'0x0000ffff', '00:0a:00:0a:00:0a:00:0a'}",Malicious
UDP,::201:1:1:1,5555,::20b:b:b:b,6666,50:03.6,50:07.7,1622150000000000.0,4100000,"{'00:0b:00:0b:00:0b:00:0b', '00:01:00:01:00:01:00:01'}",Normal
UDP,::201:1:1:1,5555,::208:8:8:8,6666,50:04.3,50:08.7,1622150000000000.0,4438000,"{'00:08:00:08:00:08:00:08', '00:01:00:01:00:01:00:01', '00:09:00:09:00:09:00:09'}",Normal
UDP,::201:1:1:1,5555,::209:9:9:9,6666,50:04.6,50:04.6,1622150000000000.0,0,"{'00:01:00:01:00:01:00:01', '00:09:00:09:00:09:00:09'}",Normal
UDP,::201:1:1:1,5555,::20c:c:c:c,6666,50:04.8,50:09.8,1622150000000000.0,4912328,"{'00:0c:00:0c:00:0c:00:0c', '00:01:00:01:00:01:00:01'}",Normal
ICMPv6,::201:1:1:1,0,::203:3:3:3,0,50:06.1,50:11.1,1622150000000000.0,4983672,"{'00:01:00:01:00:01:00:01', '00:03:00:03:00:03:00:03'}",Malicious
ICMPv6,::201:1:1:1,0,::203:3:3:3,0,50:06.2,50:11.2,1622150000000000.0,4987664,"{'00:01:00:01:00:01:00:01', '00:03:00:03:00:03:00:03'}",Malicious
UDP,::201:1:1:1,5555,::204:4:4:4,6666,50:06.2,50:10.8,1622150000000000.0,4570000,"{'00:04:00:04:00:04:00:04', '00:01:00:01:00:01:00:01'}",Normal
WPAN,0,0,0,0,50:06.9,50:11.9,1622150000000000.0,4998544,set(),Malicious
UDP,::201:1:1:1,5555,::205:5:5:5,6666,50:07.0,50:11.9,1622150000000000.0,4891000,"{'00:01:00:01:00:01:00:01', '00:05:00:05:00:05:00:05'}",Normal
UDP,::201:1:1:1,5555,::206:6:6:6,6666,50:07.0,50:07.0,1622150000000000.0,0,"{'00:01:00:01:00:01:00:01', '00:06:00:06:00:06:00:06'}",Normal
UDP,::201:1:1:1,5555,::207:7:7:7,6666,50:08.1,50:12.7,1622150000000000.0,4539000,"{'00:01:00:01:00:01:00:01', '00:07:00:07:00:07:00:07'}",Normal
UDP,::201:1:1:1,5555,::20a:a:a:a,6666,50:08.3,50:13.1,1622150000000000.0,4834000,"{'00:01:00:01:00:01:00:01', '00:0a:00:0a:00:0a:00:0a'}",Normal
ICMPv6,fe80::208:8:8:8,0,ff02::1a,0,50:08.6,50:08.6,1622150000000000.0,0,"{'0x0000ffff', '00:08:00:08:00:08:00:08'}",Malicious
UDP,::201:1:1:1,5555,::202:2:2:2,6666,50:08.8,50:13.3,1622150000000000.0,4590000,"{'00:01:00:01:00:01:00:01', '00:02:00:02:00:02:00:02'}",Normal
UDP,::201:1:1:1,5555,::209:9:9:9,6666,50:09.7,50:09.7,1622150000000000.0,0,"{'00:01:00:01:00:01:00:01', '00:09:00:09:00:09:00:09'}",Normal
ICMPv6,::201:1:1:1,0,::203:3:3:3,0,50:11.2,50:16.2,1622150000000000.0,4985000,"{'00:01:00:01:00:01:00:01', '00:03:00:03:00:03:00:03'}",Malicious
ICMPv6,::201:1:1:1,0,::203:3:3:3,0,50:11.2,50:16.2,1622150000000000.0,4982664,"{'00:01:00:01:00:01:00:01', '00:03:00:03:00:03:00:03'}",Malicious
WPAN,0,0,0,0,50:11.9,50:16.9,1622150000000000.0,4996968,set(),Malicious
UDP,::201:1:1:1,5555,::206:6:6:6,6666,50:12.6,50:16.9,1622150000000000.0,4295000,"{'00:01:00:01:00:01:00:01', '00:06:00:06:00:06:00:06'}",Normal
UDP,::201:1:1:1,5555,::20b:b:b:b,6666,50:12.7,50:16.9,1622150000000000.0,4202664,"{'00:0b:00:0b:00:0b:00:0b', '00:01:00:01:00:01:00:01'}",Normal
ICMPv6,fe80::202:2:2:2,0,fe80::20b:b:b:b,0,50:13.9,50:13.9,1622150000000000.0,0,"{'00:0b:00:0b:00:0b:00:0b', '00:02:00:02:00:02:00:02'}",Malicious
UDP,::201:1:1:1,5555,::20c:c:c:c,6666,50:14.3,50:18.5,1622150000000000.0,4183000,"{'00:0c:00:0c:00:0c:00:0c', '00:01:00:01:00:01:00:01'}",Normal
UDP,::201:1:1:1,5555,::208:8:8:8,6666,50:14.6,50:14.7,1622150000000000.0,26000,"{'00:08:00:08:00:08:00:08', '00:01:00:01:00:01:00:01', '00:09:00:09:00:09:00:09'}",Normal
UDP,::201:1:1:1,5555,::209:9:9:9,6666,50:15.7,50:20.5,1622150000000000.0,4878000,"{'00:01:00:01:00:01:00:01', '00:09:00:09:00:09:00:09'}",Normal
UDP,::201:1:1:1,5555,::204:4:4:4,6666,50:15.9,50:20.9,1622150000000000.0,4951000,"{'00:04:00:04:00:04:00:04', '00:01:00:01:00:01:00:01'}",Normal
ICMPv6,::201:1:1:1,0,::203:3:3:3,0,50:16.2,50:21.0,1622150000000000.0,4812000,"{'00:01:00:01:00:01:00:01', '00:03:00:03:00:03:00:03'}",Malicious
ICMPv6,::201:1:1:1,0,::203:3:3:3,0,50:16.3,50:21.2,1622150000000000.0,4988024,"{'00:01:00:01:00:01:00:01', '00:03:00:03:00:03:00:03'}",Malicious
UDP,::201:1:1:1,5555,::205:5:5:5,6666,50:16.3,50:16.3,1622150000000000.0,0,"{'00:01:00:01:00:01:00:01', '00:05:00:05:00:05:00:05'}",Normal
WPAN,0,0,0,0,50:16.9,50:21.9,1622150000000000.0,4991824,set(),Malicious
UDP,::201:1:1:1,5555,::207:7:7:7,6666,50:17.2,50:17.2,1622150000000000.0,0,"{'00:01:00:01:00:01:00:01', '00:07:00:07:00:07:00:07'}",Normal
ICMPv6,fe80::20c:c:c:c,0,ff02::1a,0,50:18.2,50:18.2,1622150000000000.0,0,"{'0x0000ffff', '00:0c:00:0c:00:0c:00:0c'}",Malicious
UDP,::201:1:1:1,5555,::202:2:2:2,6666,50:18.4,50:18.4,1622150000000000.0,0,"{'00:01:00:01:00:01:00:01', '00:02:00:02:00:02:00:02'}",Normal
UDP,::201:1:1:1,5555,::20a:a:a:a,6666,50:18.4,50:18.4,1622150000000000.0,0,"{'00:01:00:01:00:01:00:01', '00:0a:00:0a:00:0a:00:0a'}",Normal
UDP,::201:1:1:1,5555,::208:8:8:8,6666,50:19.8,50:19.9,1622150000000000.0,39000,"{'00:08:00:08:00:08:00:08', '00:01:00:01:00:01:00:01', '00:09:00:09:00:09:00:09'}",Normal
ICMPv6,::201:1:1:1,0,::203:3:3:3,0,50:21.3,50:26.1,1622150000000000.0,4813640,"{'00:01:00:01:00:01:00:01', '00:03:00:03:00:03:00:03'}",Malicious
ICMPv6,::201:1:1:1,0,::203:3:3:3,0,50:21.3,50:26.3,1622150000000000.0,4962000,"{'00:01:00:01:00:01:00:01', '00:03:00:03:00:03:00:03'}",Malicious
UDP,::201:1:1:1,5555,::20b:b:b:b,6666,50:21.6,50:21.7,1622150000000000.0,72992,"{'00:0b:00:0b:00:0b:00:0b', '00:01:00:01:00:01:00:01'}",Normal
WPAN,0,0,0,0,50:21.9,50:26.9,1622150000000000.0,4983664,set(),Malicious
ICMPv6,fe80::209:9:9:9,0,fe80::20a:a:a:a,0,50:21.9,50:21.9,1622150000000000.0,0,"{'00:09:00:09:00:09:00:09', '00:0a:00:0a:00:0a:00:0a'}",Malicious
UDP,::201:1:1:1,5555,::206:6:6:6,6666,50:22.2,50:22.2,1622150000000000.0,0,"{'00:01:00:01:00:01:00:01', '00:06:00:06:00:06:00:06'}",Normal
UDP,::201:1:1:1,5555,::205:5:5:5,6666,50:22.2,50:26.8,1622150000000000.0,4554000,"{'00:01:00:01:00:01:00:01', '00:05:00:05:00:05:00:05'}",Normal
UDP,::201:1:1:1,5555,::207:7:7:7,6666,50:22.8,50:22.8,1622150000000000.0,0,"{'00:01:00:01:00:01:00:01', '00:07:00:07:00:07:00:07'}",Normal
ICMPv6,fe80::207:7:7:7,0,ff02::1a,0,50:23.6,50:23.6,1622150000000000.0,0,"{'0x0000ffff', '00:07:00:07:00:07:00:07'}",Malicious
UDP,::201:1:1:1,5555,::20a:a:a:a,6666,50:23.7,50:28.3,1622150000000000.0,4662000,"{'00:01:00:01:00:01:00:01', '00:0a:00:0a:00:0a:00:0a'}",Normal
ICMPv6,fe80::20a:a:a:a,0,ff02::1a,0,50:24.3,50:24.3,1622150000000000.0,0,"{'0x0000ffff', '00:0a:00:0a:00:0a:00:0a'}",Malicious
UDP,::201:1:1:1,5555,::20c:c:c:c,6666,50:24.4,50:28.8,1622150000000000.0,4434000,"{'00:0c:00:0c:00:0c:00:0c', '00:01:00:01:00:01:00:01'}",Normal
UDP,::201:1:1:1,5555,::202:2:2:2,6666,50:24.4,50:29.3,1622150000000000.0,4897000,"{'00:01:00:01:00:01:00:01', '00:02:00:02:00:02:00:02'}",Normal
UDP,::201:1:1:1,5555,::209:9:9:9,6666,50:24.6,50:24.6,1622150000000000.0,0,"{'00:01:00:01:00:01:00:01', '00:09:00:09:00:09:00:09'}",Normal
ICMPv6,fe80::202:2:2:2,0,ff02::1a,0,50:24.9,50:24.9,1622150000000000.0,0,"{'0x0000ffff', '00:02:00:02:00:02:00:02'}",Malicious
ICMPv6,fe80::20b:b:b:b,0,ff02::1a,0,50:25.7,50:25.7,1622150000000000.0,0,"{'0x0000ffff', '00:0b:00:0b:00:0b:00:0b'}",Malicious
UDP,::201:1:1:1,5555,::208:8:8:8,6666,50:25.8,50:25.9,1622150000000000.0,92000,"{'00:08:00:08:00:08:00:08', '00:01:00:01:00:01:00:01', '00:09:00:09:00:09:00:09'}",Normal
UDP,::201:1:1:1,5555,::204:4:4:4,6666,50:26.0,50:30.4,1622150000000000.0,4367000,"{'00:04:00:04:00:04:00:04', '00:01:00:01:00:01:00:01'}",Normal
ICMPv6,::201:1:1:1,0,::203:3:3:3,0,50:26.3,50:31.3,1622150000000000.0,4991672,"{'00:01:00:01:00:01:00:01', '00:03:00:03:00:03:00:03'}",Malicious
ICMPv6,::201:1:1:1,0,::203:3:3:3,0,50:26.3,50:31.3,1622150000000000.0,4997000,"{'00:01:00:01:00:01:00:01', '00:03:00:03:00:03:00:03'}",Malicious
WPAN,0,0,0,0,50:26.9,50:31.9,1622150000000000.0,4972672,set(),Malicious
ICMPv6,fe80::20b:b:b:b,0,fe80::20c:c:c:c,0,50:27.0,50:27.1,1622150000000000.0,127000,"{'00:0b:00:0b:00:0b:00:0b', '00:0c:00:0c:00:0c:00:0c'}",Malicious
UDP,::201:1:1:1,5555,::206:6:6:6,6666,50:27.4,50:32.0,1622150000000000.0,4587000,"{'00:01:00:01:00:01:00:01', '00:06:00:06:00:06:00:06'}",Normal
UDP,::201:1:1:1,5555,::20b:b:b:b,6666,50:27.5,50:27.5,1622150000000000.0,0,"{'00:0b:00:0b:00:0b:00:0b', '00:01:00:01:00:01:00:01'}",Normal
UDP,::201:1:1:1,5555,::207:7:7:7,6666,50:28.3,50:28.3,1622150000000000.0,0,"{'00:01:00:01:00:01:00:01', '00:07:00:07:00:07:00:07'}",Normal
ICMPv6,fe80::205:5:5:5,0,ff02::1a,0,50:28.8,50:28.8,1622150000000000.0,0,"{'0x0000ffff', '00:05:00:05:00:05:00:05'}",Malicious
UDP,::201:1:1:1,5555,::209:9:9:9,6666,50:29.7,50:29.7,1622150000000000.0,0,"{'00:01:00:01:00:01:00:01', '00:09:00:09:00:09:00:09'}",Normal
ICMPv6,fe80::206:6:6:6,0,ff02::1a,0,50:30.4,50:30.4,1622150000000000.0,0,"{'0x0000ffff', '00:06:00:06:00:06:00:06'}",Malicious
UDP,::201:1:1:1,5555,::208:8:8:8,6666,50:30.9,50:35.9,1622150000000000.0,4988000,"{'00:08:00:08:00:08:00:08', '00:01:00:01:00:01:00:01', '00:09:00:09:00:09:00:09'}",Normal
ICMPv6,fe80::204:4:4:4,0,ff02::1a,0,50:31.2,50:31.2,1622150000000000.0,0,"{'0x0000ffff', '00:04:00:04:00:04:00:04'}",Malicious
ICMPv6,::201:1:1:1,0,::203:3:3:3,0,50:31.3,50:36.3,1622150000000000.0,4974336,"{'00:01:00:01:00:01:00:01', '00:03:00:03:00:03:00:03'}",Malicious
ICMPv6,::201:1:1:1,0,::203:3:3:3,0,50:31.3,50:36.2,1622150000000000.0,4865000,"{'00:01:00:01:00:01:00:01', '00:03:00:03:00:03:00:03'}",Malicious
WPAN,0,0,0,0,50:31.9,50:36.9,1622150000000000.0,4993992,set(),Malicious
ICMPv6,fe80::209:9:9:9,0,ff02::1a,0,50:32.3,50:32.3,1622150000000000.0,0,"{'0x0000ffff', '00:09:00:09:00:09:00:09'}",Malicious
UDP,::201:1:1:1,5555,::205:5:5:5,6666,50:32.4,50:32.4,1622150000000000.0,0,"{'00:01:00:01:00:01:00:01', '00:05:00:05:00:05:00:05'}",Normal
UDP,::201:1:1:1,5555,::20a:a:a:a,6666,50:32.6,50:32.6,1622150000000000.0,0,"{'00:01:00:01:00:01:00:01', '00:0a:00:0a:00:0a:00:0a'}",Normal
UDP,::201:1:1:1,5555,::20b:b:b:b,6666,50:33.3,50:38.1,1622150000000000.0,4847000,"{'00:0b:00:0b:00:0b:00:0b', '00:01:00:01:00:01:00:01'}",Normal
UDP,::201:1:1:1,5555,::207:7:7:7,6666,50:33.5,50:33.5,1622150000000000.0,0,"{'00:01:00:01:00:01:00:01', '00:07:00:07:00:07:00:07'}",Normal
UDP,::201:1:1:1,5555,::20c:c:c:c,6666,50:33.9,50:33.9,1622150000000000.0,0,"{'00:0c:00:0c:00:0c:00:0c', '00:01:00:01:00:01:00:01'}",Normal
UDP,::201:1:1:1,5555,::202:2:2:2,6666,50:34.8,50:38.9,1622150000000000.0,4156000,"{'00:01:00:01:00:01:00:01', '00:02:00:02:00:02:00:02'}",Normal
UDP,::201:1:1:1,5555,::209:9:9:9,6666,50:35.0,50:35.0,1622150000000000.0,0,"{'00:01:00:01:00:01:00:01', '00:09:00:09:00:09:00:09'}",Normal
UDP,::201:1:1:1,5555,::204:4:4:4,6666,50:35.6,50:35.6,1622150000000000.0,0,"{'00:04:00:04:00:04:00:04', '00:01:00:01:00:01:00:01'}",Normal
UDP,::201:1:1:1,5555,::208:8:8:8,6666,50:35.9,50:40.8,1622150000000000.0,4843000,"{'00:08:00:08:00:08:00:08', '00:01:00:01:00:01:00:01', '00:09:00:09:00:09:00:09'}",Normal
ICMPv6,::201:1:1:1,0,::203:3:3:3,0,50:36.3,50:41.3,1622150000000000.0,4983672,"{'00:01:00:01:00:01:00:01', '00:03:00:03:00:03:00:03'}",Malicious
UDP,::201:1:1:1,5555,::206:6:6:6,6666,50:36.4,50:41.1,1622150000000000.0,4612000,"{'00:01:00:01:00:01:00:01', '00:06:00:06:00:06:00:06'}",Normal
ICMPv6,::201:1:1:1,0,::203:3:3:3,0,50:36.5,50:41.5,1622150000000000.0,4982000,"{'00:01:00:01:00:01:00:01', '00:03:00:03:00:03:00:03'}",Malicious
WPAN,0,0,0,0,50:36.9,50:41.9,1622150000000000.0,4995664,set(),Malicious
UDP,::201:1:1:1,5555,::205:5:5:5,6666,50:38.1,50:38.1,1622150000000000.0,0,"{'00:01:00:01:00:01:00:01', '00:05:00:05:00:05:00:05'}",Normal
UDP,::201:1:1:1,5555,::20a:a:a:a,6666,50:38.4,50:38.4,1622150000000000.0,0,"{'00:01:00:01:00:01:00:01', '00:0a:00:0a:00:0a:00:0a'}",Normal
UDP,::201:1:1:1,5555,::20c:c:c:c,6666,50:39.0,50:39.0,1622150000000000.0,0,"{'00:0c:00:0c:00:0c:00:0c', '00:01:00:01:00:01:00:01'}",Normal
UDP,::201:1:1:1,5555,::207:7:7:7,6666,50:39.0,50:43.7,1622150000000000.0,4737792,"{'00:01:00:01:00:01:00:01', '00:07:00:07:00:07:00:07'}",Normal
UDP,::201:1:1:1,5555,::209:9:9:9,6666,50:40.0,50:40.0,1622150000000000.0,0,"{'00:01:00:01:00:01:00:01', '00:09:00:09:00:09:00:09'}",Normal
ICMPv6,fe80::209:9:9:9,0,fe80::20a:a:a:a,0,50:40.2,50:40.2,1622150000000000.0,0,"{'00:09:00:09:00:09:00:09', '00:0a:00:0a:00:0a:00:0a'}",Malicious
ICMPv6,::201:1:1:1,0,::203:3:3:3,0,50:41.3,50:46.2,1622150000000000.0,4825000,"{'00:01:00:01:00:01:00:01', '00:03:00:03:00:03:00:03'}",Malicious
UDP,::201:1:1:1,5555,::204:4:4:4,6666,50:41.4,50:41.4,1622150000000000.0,0,"{'00:04:00:04:00:04:00:04', '00:01:00:01:00:01:00:01'}",Normal
ICMPv6,::201:1:1:1,0,::203:3:3:3,0,50:41.5,50:46.4,1622150000000000.0,4908992,"{'00:01:00:01:00:01:00:01', '00:03:00:03:00:03:00:03'}",Malicious
WPAN,0,0,0,0,50:41.9,50:46.9,1622150000000000.0,4998336,set(),Malicious
ICMPv6,fe80::208:8:8:8,0,ff02::1a,0,50:42.1,50:42.1,1622150000000000.0,0,"{'0x0000ffff', '00:08:00:08:00:08:00:08'}",Malicious
UDP,::201:1:1:1,5555,::20b:b:b:b,6666,50:42.3,50:42.3,1622150000000000.0,0,"{'00:0b:00:0b:00:0b:00:0b', '00:01:00:01:00:01:00:01'}",Normal
UDP,::201:1:1:1,5555,::205:5:5:5,6666,50:43.6,50:43.6,1622150000000000.0,0,"{'00:01:00:01:00:01:00:01', '00:05:00:05:00:05:00:05'}",Normal
UDP,::201:1:1:1,5555,::202:2:2:2,6666,50:43.8,50:43.8,1622150000000000.0,0,"{'00:01:00:01:00:01:00:01', '00:02:00:02:00:02:00:02'}",Normal
ICMPv6,fe80::202:2:2:2,0,fe80::209:9:9:9,0,50:44.0,50:44.1,1622150000000000.0,73664,"{'00:02:00:02:00:02:00:02', '00:09:00:09:00:09:00:09'}",Malicious
UDP,::201:1:1:1,5555,::20a:a:a:a,6666,50:44.3,50:44.3,1622150000000000.0,0,"{'00:01:00:01:00:01:00:01', '00:0a:00:0a:00:0a:00:0a'}",Normal
UDP,::201:1:1:1,5555,::20c:c:c:c,6666,50:44.8,50:44.8,1622150000000000.0,0,"{'00:0c:00:0c:00:0c:00:0c', '00:01:00:01:00:01:00:01'}",Normal
UDP,::201:1:1:1,5555,::209:9:9:9,6666,50:45.2,50:50.0,1622150000000000.0,4722000,"{'00:01:00:01:00:01:00:01', '00:09:00:09:00:09:00:09'}",Normal
UDP,::201:1:1:1,5555,::206:6:6:6,6666,50:45.8,50:45.8,1622150000000000.0,0,"{'00:01:00:01:00:01:00:01', '00:06:00:06:00:06:00:06'}",Normal
ICMPv6,::201:1:1:1,0,::203:3:3:3,0,50:46.4,50:51.4,1622150000000000.0,4963336,"{'00:01:00:01:00:01:00:01', '00:03:00:03:00:03:00:03'}",Malicious
ICMPv6,::201:1:1:1,0,::203:3:3:3,0,50:46.5,50:51.5,1622150000000000.0,4975000,"{'00:01:00:01:00:01:00:01', '00:03:00:03:00:03:00:03'}",Malicious
UDP,::201:1:1:1,5555,::208:8:8:8,6666,50:46.7,50:51.4,1622150000000000.0,4665000,"{'00:08:00:08:00:08:00:08', '00:01:00:01:00:01:00:01', '00:09:00:09:00:09:00:09'}",Normal
UDP,::201:1:1:1,5555,::204:4:4:4,6666,50:46.8,50:46.8,1622150000000000.0,0,"{'00:04:00:04:00:04:00:04', '00:01:00:01:00:01:00:01'}",Normal
WPAN,0,0,0,0,50:46.9,50:51.9,1622150000000000.0,4995000,set(),Malicious
ICMPv6,fe80::208:8:8:8,0,fe80::20a:a:a:a,0,50:47.5,50:47.5,1622150000000000.0,0,"{'00:08:00:08:00:08:00:08', '00:0a:00:0a:00:0a:00:0a'}",Malicious
UDP,::201:1:1:1,5555,::20b:b:b:b,6666,50:48.1,50:52.4,1622150000000000.0,4262000,"{'00:0b:00:0b:00:0b:00:0b', '00:01:00:01:00:01:00:01'}",Normal
ICMPv6,fe80::205:5:5:5,0,fe80::20c:c:c:c,0,50:48.4,50:48.4,1622150000000000.0,0,"{'00:0c:00:0c:00:0c:00:0c', '00:05:00:05:00:05:00:05'}",Malicious
UDP,::201:1:1:1,5555,::207:7:7:7,6666,50:48.8,50:48.8,1622150000000000.0,0,"{'00:01:00:01:00:01:00:01', '00:07:00:07:00:07:00:07'}",Normal
UDP,::201:1:1:1,5555,::205:5:5:5,6666,50:49.1,50:49.1,1622150000000000.0,0,"{'00:01:00:01:00:01:00:01', '00:05:00:05:00:05:00:05'}",Normal
UDP,::201:1:1:1,5555,::202:2:2:2,6666,50:49.3,50:49.3,1622150000000000.0,0,"{'00:01:00:01:00:01:00:01', '00:02:00:02:00:02:00:02'}",Normal
UDP,::201:1:1:1,5555,::20c:c:c:c,6666,50:50.1,50:54.8,1622150000000000.0,4756000,"{'00:0c:00:0c:00:0c:00:0c', '00:01:00:01:00:01:00:01'}",Normal
UDP,::201:1:1:1,5555,::20a:a:a:a,6666,50:50.2,50:55.0,1622150000000000.0,4731000,"{'00:01:00:01:00:01:00:01', '00:0a:00:0a:00:0a:00:0a'}",Normal
UDP,::201:1:1:1,5555,::206:6:6:6,6666,50:51.2,50:51.2,1622150000000000.0,0,"{'00:01:00:01:00:01:00:01', '00:06:00:06:00:06:00:06'}",Normal
ICMPv6,::201:1:1:1,0,::203:3:3:3,0,50:51.5,50:56.5,1622150000000000.0,4991336,"{'00:01:00:01:00:01:00:01', '00:03:00:03:00:03:00:03'}",Malicious
ICMPv6,::201:1:1:1,0,::203:3:3:3,0,50:51.5,50:56.5,1622150000000000.0,4980008,"{'00:01:00:01:00:01:00:01', '00:03:00:03:00:03:00:03'}",Malicious
WPAN,0,0,0,0,50:51.9,50:56.9,1622150000000000.0,4992000,set(),Malicious
UDP,::201:1:1:1,5555,::204:4:4:4,6666,50:52.6,50:52.6,1622150000000000.0,0,"{'00:04:00:04:00:04:00:04', '00:01:00:01:00:01:00:01'}",Normal
ICMPv6,fe80::202:2:2:2,0,fe80::204:4:4:4,0,50:53.1,50:53.1,1622150000000000.0,10000,"{'00:04:00:04:00:04:00:04', '00:02:00:02:00:02:00:02'}",Malicious
UDP,::201:1:1:1,5555,::207:7:7:7,6666,50:54.0,50:54.0,1622150000000000.0,0,"{'00:01:00:01:00:01:00:01', '00:07:00:07:00:07:00:07'}",Normal
UDP,::201:1:1:1,5555,::205:5:5:5,6666,50:54.2,50:54.2,1622150000000000.0,0,"{'00:01:00:01:00:01:00:01', '00:05:00:05:00:05:00:05'}",Normal
UDP,::201:1:1:1,5555,::202:2:2:2,6666,50:54.8,50:54.8,1622150000000000.0,0,"{'00:01:00:01:00:01:00:01', '00:02:00:02:00:02:00:02'}",Normal
UDP,::201:1:1:1,5555,::209:9:9:9,6666,50:56.0,50:56.0,1622150000000000.0,0,"{'00:01:00:01:00:01:00:01', '00:09:00:09:00:09:00:09'}",Normal
ICMPv6,::201:1:1:1,0,::203:3:3:3,0,50:56.5,51:01.5,1622150000000000.0,4993000,"{'00:01:00:01:00:01:00:01', '00:03:00:03:00:03:00:03'}",Malicious
ICMPv6,::201:1:1:1,0,::203:3:3:3,0,50:56.5,51:01.5,1622150000000000.0,4962000,"{'00:01:00:01:00:01:00:01', '00:03:00:03:00:03:00:03'}",Malicious
UDP,::201:1:1:1,5555,::206:6:6:6,6666,50:56.6,50:56.6,1622150000000000.0,0,"{'00:01:00:01:00:01:00:01', '00:06:00:06:00:06:00:06'}",Normal
WPAN,0,0,0,0,50:57.0,51:02.0,1622150000000000.0,4991000,set(),Malicious
UDP,::201:1:1:1,5555,::20b:b:b:b,6666,50:57.0,51:01.4,1622150000000000.0,4426336,"{'00:0b:00:0b:00:0b:00:0b', '00:01:00:01:00:01:00:01'}",Normal
UDP,::201:1:1:1,5555,::208:8:8:8,6666,50:57.2,51:01.2,1622150000000000.0,4082000,"{'00:08:00:08:00:08:00:08', '00:01:00:01:00:01:00:01', '00:09:00:09:00:09:00:09'}",Normal
UDP,::201:1:1:1,5555,::204:4:4:4,6666,50:58.4,50:58.4,1622150000000000.0,42000,"{'00:04:00:04:00:04:00:04', '00:01:00:01:00:01:00:01'}",Normal
UDP,::201:1:1:1,5555,::207:7:7:7,6666,50:59.6,50:59.6,1622150000000000.0,0,"{'00:01:00:01:00:01:00:01', '00:07:00:07:00:07:00:07'}",Normal
UDP,::201:1:1:1,5555,::205:5:5:5,6666,50:59.7,51:04.6,1622150000000000.0,4896000,"{'00:01:00:01:00:01:00:01', '00:05:00:05:00:05:00:05'}",Normal
UDP,::201:1:1:1,5555,::20c:c:c:c,6666,51:00.3,51:00.3,1622150000000000.0,0,"{'00:0c:00:0c:00:0c:00:0c', '00:01:00:01:00:01:00:01'}",Normal
UDP,::201:1:1:1,5555,::202:2:2:2,6666,51:00.5,51:00.5,1622150000000000.0,0,"{'00:01:00:01:00:01:00:01', '00:02:00:02:00:02:00:02'}",Normal
UDP,::201:1:1:1,5555,::20a:a:a:a,6666,51:00.8,51:00.9,1622150000000000.0,73000,"{'00:01:00:01:00:01:00:01', '00:0a:00:0a:00:0a:00:0a'}",Normal
ICMPv6,::201:1:1:1,0,::203:3:3:3,0,51:01.5,51:06.5,1622150000000000.0,4986008,"{'00:01:00:01:00:01:00:01', '00:03:00:03:00:03:00:03'}",Malicious
ICMPv6,::201:1:1:1,0,::203:3:3:3,0,51:01.6,51:06.5,1622150000000000.0,4904672,"{'00:01:00:01:00:01:00:01', '00:03:00:03:00:03:00:03'}",Malicious
ICMPv6,fe80::20c:c:c:c,0,ff02::1a,0,51:01.7,51:01.7,1622150000000000.0,0,"{'0x0000ffff', '00:0c:00:0c:00:0c:00:0c'}",Malicious
UDP,::201:1:1:1,5555,::206:6:6:6,6666,51:01.8,51:01.8,1622150000000000.0,38000,"{'00:01:00:01:00:01:00:01', '00:06:00:06:00:06:00:06'}",Normal
UDP,::201:1:1:1,5555,::209:9:9:9,6666,51:01.9,51:01.9,1622150000000000.0,0,"{'00:01:00:01:00:01:00:01', '00:09:00:09:00:09:00:09'}",Normal
WPAN,0,0,0,0,51:02.0,51:07.0,1622150000000000.0,4998000,set(),Malicious
ICMPv6,fe80::201:1:1:1,0,ff02::1a,0,51:03.6,51:03.6,1622150000000000.0,0,"{'0x0000ffff', '00:01:00:01:00:01:00:01'}",Normal
UDP,::201:1:1:1,5555,::204:4:4:4,6666,51:03.8,51:03.8,1622150000000000.0,0,"{'00:04:00:04:00:04:00:04', '00:01:00:01:00:01:00:01'}",Normal
ICMPv6,fe80::206:6:6:6,0,fe80::209:9:9:9,0,51:04.1,51:04.1,1622150000000000.0,0,"{'00:09:00:09:00:09:00:09', '00:06:00:06:00:06:00:06'}",Malicious
UDP,::201:1:1:1,5555,::207:7:7:7,6666,51:05.2,51:09.3,1622150000000000.0,4079000,"{'00:01:00:01:00:01:00:01', '00:07:00:07:00:07:00:07'}",Normal
UDP,::201:1:1:1,5555,::20c:c:c:c,6666,51:05.6,51:05.6,1622150000000000.0,27000,"{'00:0c:00:0c:00:0c:00:0c', '00:01:00:01:00:01:00:01'}",Normal
UDP,::201:1:1:1,5555,::20b:b:b:b,6666,51:05.9,51:10.1,1622150000000000.0,4262000,"{'00:0b:00:0b:00:0b:00:0b', '00:01:00:01:00:01:00:01'}",Normal
ICMPv6,fe80::207:7:7:7,0,fe80::209:9:9:9,0,51:06.1,51:06.2,1622150000000000.0,47664,"{'00:09:00:09:00:09:00:09', '00:07:00:07:00:07:00:07'}",Malicious
UDP,::201:1:1:1,5555,::208:8:8:8,6666,51:06.2,51:10.6,1622150000000000.0,4419000,"{'00:08:00:08:00:08:00:08', '00:01:00:01:00:01:00:01', '00:09:00:09:00:09:00:09'}",Normal
UDP,::201:1:1:1,5555,::202:2:2:2,6666,51:06.4,51:11.4,1622150000000000.0,4985000,"{'00:01:00:01:00:01:00:01', '00:02:00:02:00:02:00:02'}",Normal
ICMPv6,::201:1:1:1,0,::203:3:3:3,0,51:06.6,51:11.6,1622150000000000.0,4995656,"{'00:01:00:01:00:01:00:01', '00:03:00:03:00:03:00:03'}",Malicious
UDP,::201:1:1:1,5555,::20a:a:a:a,6666,51:06.6,51:10.7,1622150000000000.0,4098000,"{'00:01:00:01:00:01:00:01', '00:0a:00:0a:00:0a:00:0a'}",Normal
ICMPv6,::201:1:1:1,0,::203:3:3:3,0,51:06.7,51:11.7,1622150000000000.0,4976336,"{'00:01:00:01:00:01:00:01', '00:03:00:03:00:03:00:03'}",Malicious
UDP,::201:1:1:1,5555,::209:9:9:9,6666,51:06.9,51:11.2,1622150000000000.0,4293664,"{'00:01:00:01:00:01:00:01', '00:09:00:09:00:09:00:09'}",Normal
WPAN,0,0,0,0,51:07.0,51:12.0,1622150000000000.0,4989664,set(),Malicious
UDP,::201:1:1:1,5555,::206:6:6:6,6666,51:07.6,51:12.2,1622150000000000.0,4546000,"{'00:01:00:01:00:01:00:01', '00:06:00:06:00:06:00:06'}",Normal
UDP,::201:1:1:1,5555,::204:4:4:4,6666,51:09.2,51:13.6,1622150000000000.0,4477000,"{'00:04:00:04:00:04:00:04', '00:01:00:01:00:01:00:01'}",Normal
UDP,::201:1:1:1,5555,::205:5:5:5,6666,51:10.5,51:10.5,1622150000000000.0,0,"{'00:01:00:01:00:01:00:01', '00:05:00:05:00:05:00:05'}",Normal
UDP,::201:1:1:1,5555,::20c:c:c:c,6666,51:11.4,51:15.4,1622150000000000.0,4040000,"{'00:0c:00:0c:00:0c:00:0c', '00:01:00:01:00:01:00:01'}",Normal
ICMPv6,::201:1:1:1,0,::203:3:3:3,0,51:11.6,51:16.6,1622150000000000.0,4995664,"{'00:01:00:01:00:01:00:01', '00:03:00:03:00:03:00:03'}",Malicious
ICMPv6,::201:1:1:1,0,::203:3:3:3,0,51:11.7,51:16.6,1622150000000000.0,4941008,"{'00:01:00:01:00:01:00:01', '00:03:00:03:00:03:00:03'}",Malicious
WPAN,0,0,0,0,51:12.0,51:17.0,1622150000000000.0,4996688,set(),Malicious
ICMPv6,fe80::205:5:5:5,0,ff02::1a,0,51:13.7,51:13.7,1622150000000000.0,0,"{'0x0000ffff', '00:05:00:05:00:05:00:05'}",Malicious
UDP,::201:1:1:1,5555,::207:7:7:7,6666,51:14.1,51:14.1,1622150000000000.0,0,"{'00:01:00:01:00:01:00:01', '00:07:00:07:00:07:00:07'}",Normal
UDP,::201:1:1:1,5555,::20a:a:a:a,6666,51:15.2,51:15.2,1622150000000000.0,0,"{'00:01:00:01:00:01:00:01', '00:0a:00:0a:00:0a:00:0a'}",Normal
UDP,::201:1:1:1,5555,::208:8:8:8,6666,51:15.2,51:19.9,1622150000000000.0,4722000,"{'00:08:00:08:00:08:00:08', '00:01:00:01:00:01:00:01', '00:09:00:09:00:09:00:09'}",Normal
UDP,::201:1:1:1,5555,::20b:b:b:b,6666,51:16.1,51:20.2,1622150000000000.0,4118336,"{'00:0b:00:0b:00:0b:00:0b', '00:01:00:01:00:01:00:01'}",Normal
UDP,::201:1:1:1,5555,::206:6:6:6,6666,51:16.2,51:16.3,1622150000000000.0,87664,"{'00:01:00:01:00:01:00:01', '00:06:00:06:00:06:00:06'}",Normal
UDP,::201:1:1:1,5555,::205:5:5:5,6666,51:16.5,51:16.5,1622150000000000.0,0,"{'00:01:00:01:00:01:00:01', '00:05:00:05:00:05:00:05'}",Normal
ICMPv6,::201:1:1:1,0,::203:3:3:3,0,51:16.6,51:21.6,1622150000000000.0,4975368,"{'00:01:00:01:00:01:00:01', '00:03:00:03:00:03:00:03'}",Malicious
UDP,::201:1:1:1,5555,::209:9:9:9,6666,51:16.7,51:16.7,1622150000000000.0,0,"{'00:01:00:01:00:01:00:01', '00:09:00:09:00:09:00:09'}",Normal
ICMPv6,::201:1:1:1,0,::203:3:3:3,0,51:16.8,51:21.7,1622150000000000.0,4991112,"{'00:01:00:01:00:01:00:01', '00:03:00:03:00:03:00:03'}",Malicious
WPAN,0,0,0,0,51:17.0,51:22.0,1622150000000000.0,4988976,set(),Malicious
UDP,::201:1:1:1,5555,::202:2:2:2,6666,51:17.1,51:17.1,1622150000000000.0,0,"{'00:01:00:01:00:01:00:01', '00:02:00:02:00:02:00:02'}",Normal
UDP,::201:1:1:1,5555,::204:4:4:4,6666,51:18.9,51:18.9,1622150000000000.0,0,"{'00:04:00:04:00:04:00:04', '00:01:00:01:00:01:00:01'}",Normal
ICMPv6,fe80::204:4:4:4,0,ff02::1a,0,51:18.9,51:18.9,1622150000000000.0,0,"{'0x0000ffff', '00:04:00:04:00:04:00:04'}",Malicious
UDP,::201:1:1:1,5555,::207:7:7:7,6666,51:19.6,51:19.6,1622150000000000.0,0,"{'00:01:00:01:00:01:00:01', '00:07:00:07:00:07:00:07'}",Normal
UDP,::201:1:1:1,5555,::20a:a:a:a,6666,51:20.3,51:20.3,1622150000000000.0,0,"{'00:01:00:01:00:01:00:01', '00:0a:00:0a:00:0a:00:0a'}",Normal
UDP,::201:1:1:1,5555,::20c:c:c:c,6666,51:21.0,51:21.0,1622150000000000.0,0,"{'00:0c:00:0c:00:0c:00:0c', '00:01:00:01:00:01:00:01'}",Normal
ICMPv6,fe80::202:2:2:2,0,ff02::1a,0,51:21.5,51:21.5,1622150000000000.0,0,"{'0x0000ffff', '00:02:00:02:00:02:00:02'}",Malicious
ICMPv6,::201:1:1:1,0,::203:3:3:3,0,51:21.6,51:26.5,1622150000000000.0,4940000,"{'00:01:00:01:00:01:00:01', '00:03:00:03:00:03:00:03'}",Malicious
UDP,::201:1:1:1,5555,::206:6:6:6,6666,51:21.7,51:21.7,1622150000000000.0,0,"{'00:01:00:01:00:01:00:01', '00:06:00:06:00:06:00:06'}",Normal
ICMPv6,::201:1:1:1,0,::203:3:3:3,0,51:21.8,51:26.8,1622150000000000.0,4999000,"{'00:01:00:01:00:01:00:01', '00:03:00:03:00:03:00:03'}",Malicious
UDP,::201:1:1:1,5555,::205:5:5:5,6666,51:21.9,51:26.7,1622150000000000.0,4793000,"{'00:01:00:01:00:01:00:01', '00:05:00:05:00:05:00:05'}",Normal
UDP,::201:1:1:1,5555,::209:9:9:9,6666,51:22.0,51:26.5,1622150000000000.0,4553000,"{'00:01:00:01:00:01:00:01', '00:09:00:09:00:09:00:09'}",Normal
WPAN,0,0,0,0,51:22.0,51:27.0,1622150000000000.0,4985336,set(),Malicious
UDP,::201:1:1:1,5555,::202:2:2:2,6666,51:22.8,51:22.8,1622150000000000.0,0,"{'00:01:00:01:00:01:00:01', '00:02:00:02:00:02:00:02'}",Normal
UDP,::201:1:1:1,5555,::208:8:8:8,6666,51:24.1,51:24.1,1622150000000000.0,18000,"{'00:08:00:08:00:08:00:08', '00:01:00:01:00:01:00:01', '00:09:00:09:00:09:00:09'}",Normal
UDP,::201:1:1:1,5555,::204:4:4:4,6666,51:24.2,51:28.4,1622150000000000.0,4183000,"{'00:04:00:04:00:04:00:04', '00:01:00:01:00:01:00:01'}",Normal
ICMPv6,fe80::203:3:3:3,0,ff02::1a,0,51:24.6,51:24.6,1622150000000000.0,0,"{'0x0000ffff', '00:03:00:03:00:03:00:03'}",Malicious
UDP,::201:1:1:1,5555,::207:7:7:7,6666,51:25.0,51:25.0,1622150000000000.0,0,"{'00:01:00:01:00:01:00:01', '00:07:00:07:00:07:00:07'}",Normal
UDP,::201:1:1:1,5555,::20b:b:b:b,6666,51:26.1,51:30.9,1622150000000000.0,4789240,"{'00:0b:00:0b:00:0b:00:0b', '00:01:00:01:00:01:00:01'}",Normal
UDP,::201:1:1:1,5555,::20a:a:a:a,6666,51:26.3,51:30.6,1622150000000000.0,4369000,"{'00:01:00:01:00:01:00:01', '00:0a:00:0a:00:0a:00:0a'}",Normal
UDP,::201:1:1:1,5555,::20c:c:c:c,6666,51:26.4,51:26.4,1622150000000000.0,0,"{'00:0c:00:0c:00:0c:00:0c', '00:01:00:01:00:01:00:01'}",Normal
UDP,::201:1:1:1,5555,::206:6:6:6,6666,51:26.7,51:26.8,1622150000000000.0,85664,"{'00:01:00:01:00:01:00:01', '00:06:00:06:00:06:00:06'}",Normal
ICMPv6,::201:1:1:1,0,::203:3:3:3,0,51:26.7,51:31.7,1622150000000000.0,4975032,"{'00:01:00:01:00:01:00:01', '00:03:00:03:00:03:00:03'}",Malicious
ICMPv6,::201:1:1:1,0,::203:3:3:3,0,51:26.8,51:31.8,1622150000000000.0,4999000,"{'00:01:00:01:00:01:00:01', '00:03:00:03:00:03:00:03'}",Malicious
WPAN,0,0,0,0,51:27.0,51:32.0,1622150000000000.0,4998328,set(),Malicious
UDP,::201:1:1:1,5555,::202:2:2:2,6666,51:27.9,51:27.9,1622150000000000.0,0,"{'00:01:00:01:00:01:00:01', '00:02:00:02:00:02:00:02'}",Normal
UDP,::201:1:1:1,5555,::208:8:8:8,6666,51:29.3,51:33.4,1622150000000000.0,4139000,"{'00:08:00:08:00:08:00:08', '00:01:00:01:00:01:00:01', '00:09:00:09:00:09:00:09'}",Normal
UDP,::201:1:1:1,5555,::207:7:7:7,6666,51:30.2,51:34.7,1622150000000000.0,4484000,"{'00:01:00:01:00:01:00:01', '00:07:00:07:00:07:00:07'}",Normal
ICMPv6,fe80::20b:b:b:b,0,fe80::20c:c:c:c,0,51:30.8,51:30.8,1622150000000000.0,0,"{'00:0c:00:0c:00:0c:00:0c', '00:0b:00:0b:00:0b:00:0b'}",Malicious
ICMPv6,fe80::20a:a:a:a,0,ff02::1a,0,51:31.0,51:31.0,1622150000000000.0,0,"{'0x0000ffff', '00:0a:00:0a:00:0a:00:0a'}",Malicious
UDP,::201:1:1:1,5555,::209:9:9:9,6666,51:31.1,51:31.1,1622150000000000.0,0,"{'00:01:00:01:00:01:00:01', '00:09:00:09:00:09:00:09'}",Normal
ICMPv6,fe80::20b:b:b:b,0,ff02::1a,0,51:31.2,51:31.2,1622150000000000.0,0,"{'0x0000ffff', '00:0b:00:0b:00:0b:00:0b'}",Malicious
UDP,::201:1:1:1,5555,::20c:c:c:c,6666,51:31.6,51:31.6,1622150000000000.0,0,"{'00:0c:00:0c:00:0c:00:0c', '00:01:00:01:00:01:00:01'}",Normal
ICMPv6,::201:1:1:1,0,::203:3:3:3,0,51:31.7,51:36.7,1622150000000000.0,4992000,"{'00:01:00:01:00:01:00:01', '00:03:00:03:00:03:00:03'}",Malicious
ICMPv6,::201:1:1:1,0,::203:3:3:3,0,51:31.8,51:36.8,1622150000000000.0,4991000,"{'00:01:00:01:00:01:00:01', '00:03:00:03:00:03:00:03'}",Malicious
UDP,::201:1:1:1,5555,::205:5:5:5,6666,51:32.0,51:32.1,1622150000000000.0,122656,"{'00:01:00:01:00:01:00:01', '00:05:00:05:00:05:00:05'}",Normal
WPAN,0,0,0,0,51:32.1,51:37.0,1622150000000000.0,4987664,set(),Malicious
UDP,::201:1:1:1,5555,::206:6:6:6,6666,51:32.4,51:32.4,1622150000000000.0,0,"{'00:01:00:01:00:01:00:01', '00:06:00:06:00:06:00:06'}",Normal
UDP,::201:1:1:1,5555,::202:2:2:2,6666,51:33.0,51:33.0,1622150000000000.0,0,"{'00:01:00:01:00:01:00:01', '00:02:00:02:00:02:00:02'}",Normal
ICMPv6,fe80::207:7:7:7,0,ff02::1a,0,51:33.5,51:33.5,1622150000000000.0,0,"{'0x0000ffff', '00:07:00:07:00:07:00:07'}",Malicious
UDP,::201:1:1:1,5555,::204:4:4:4,6666,51:34.1,51:34.1,1622150000000000.0,0,"{'00:04:00:04:00:04:00:04', '00:01:00:01:00:01:00:01'}",Normal
ICMPv6,fe80::206:6:6:6,0,ff02::1a,0,51:35.5,51:35.5,1622150000000000.0,0,"{'0x0000ffff', '00:06:00:06:00:06:00:06'}",Malicious
UDP,::201:1:1:1,5555,::20a:a:a:a,6666,51:35.6,51:35.6,1622150000000000.0,0,"{'00:01:00:01:00:01:00:01', '00:0a:00:0a:00:0a:00:0a'}",Normal
UDP,::201:1:1:1,5555,::20b:b:b:b,6666,51:35.9,51:36.0,1622150000000000.0,65328,"{'00:0b:00:0b:00:0b:00:0b', '00:01:00:01:00:01:00:01'}",Normal
UDP,::201:1:1:1,5555,::209:9:9:9,6666,51:36.3,51:36.3,1622150000000000.0,0,"{'00:01:00:01:00:01:00:01', '00:09:00:09:00:09:00:09'}",Normal
ICMPv6,fe80::208:8:8:8,0,ff02::1a,0,51:36.3,51:36.3,1622150000000000.0,0,"{'0x0000ffff', '00:08:00:08:00:08:00:08'}",Malicious
ICMPv6,fe80::209:9:9:9,0,ff02::1a,0,51:36.7,51:36.7,1622150000000000.0,0,"{'0x0000ffff', '00:09:00:09:00:09:00:09'}",Malicious
ICMPv6,::201:1:1:1,0,::203:3:3:3,0,51:36.8,51:41.4,1622150000000000.0,4696872,"{'00:01:00:01:00:01:00:01', '00:03:00:03:00:03:00:03'}",Malicious
ICMPv6,::201:1:1:1,0,::203:3:3:3,0,51:36.8,51:41.8,1622150000000000.0,4995000,"{'00:01:00:01:00:01:00:01', '00:03:00:03:00:03:00:03'}",Malicious
WPAN,0,0,0,0,51:37.1,51:42.1,1622150000000000.0,4988664,set(),Malicious
UDP,::201:1:1:1,5555,::20c:c:c:c,6666,51:37.6,51:41.9,1622150000000000.0,4385000,"{'00:0c:00:0c:00:0c:00:0c', '00:01:00:01:00:01:00:01'}",Normal
UDP,::201:1:1:1,5555,::205:5:5:5,6666,51:38.0,51:42.3,1622150000000000.0,4298000,"{'00:01:00:01:00:01:00:01', '00:05:00:05:00:05:00:05'}",Normal
UDP,::201:1:1:1,5555,::206:6:6:6,6666,51:38.2,51:42.5,1622150000000000.0,4265000,"{'00:01:00:01:00:01:00:01', '00:06:00:06:00:06:00:06'}",Normal
UDP,::201:1:1:1,5555,::202:2:2:2,6666,51:38.2,51:38.2,1622150000000000.0,0,"{'00:01:00:01:00:01:00:01', '00:02:00:02:00:02:00:02'}",Normal
UDP,::201:1:1:1,5555,::208:8:8:8,6666,51:38.5,51:38.5,1622150000000000.0,33000,"{'00:08:00:08:00:08:00:08', '00:01:00:01:00:01:00:01', '00:09:00:09:00:09:00:09'}",Normal
UDP,::201:1:1:1,5555,::207:7:7:7,6666,51:38.8,51:38.8,1622150000000000.0,0,"{'00:01:00:01:00:01:00:01', '00:07:00:07:00:07:00:07'}",Normal
UDP,::201:1:1:1,5555,::204:4:4:4,6666,51:39.7,51:43.8,1622150000000000.0,4052000,"{'00:04:00:04:00:04:00:04', '00:01:00:01:00:01:00:01'}",Normal
UDP,::201:1:1:1,5555,::20a:a:a:a,6666,51:41.4,51:41.5,1622150000000000.0,38000,"{'00:01:00:01:00:01:00:01', '00:0a:00:0a:00:0a:00:0a'}",Normal
UDP,::201:1:1:1,5555,::209:9:9:9,6666,51:41.7,51:41.7,1622150000000000.0,0,"{'00:01:00:01:00:01:00:01', '00:09:00:09:00:09:00:09'}",Normal
UDP,::201:1:1:1,5555,::20b:b:b:b,6666,51:41.8,51:41.8,1622150000000000.0,0,"{'00:0b:00:0b:00:0b:00:0b', '00:01:00:01:00:01:00:01'}",Normal
ICMPv6,::201:1:1:1,0,::203:3:3:3,0,51:41.8,51:46.8,1622150000000000.0,4956000,"{'00:01:00:01:00:01:00:01', '00:03:00:03:00:03:00:03'}",Malicious
WPAN,0,0,0,0,51:42.1,51:47.1,1622150000000000.0,4996000,set(),Malicious
ICMPv6,::201:1:1:1,0,::203:3:3:3,0,51:42.2,51:47.1,1622150000000000.0,4976000,"{'00:01:00:01:00:01:00:01', '00:03:00:03:00:03:00:03'}",Malicious
UDP,::201:1:1:1,5555,::208:8:8:8,6666,51:43.8,51:48.0,1622150000000000.0,4196000,"{'00:08:00:08:00:08:00:08', '00:01:00:01:00:01:00:01', '00:09:00:09:00:09:00:09'}",Normal
UDP,::201:1:1:1,5555,::202:2:2:2,6666,51:44.1,51:44.1,1622150000000000.0,0,"{'00:01:00:01:00:01:00:01', '00:02:00:02:00:02:00:02'}",Normal
UDP,::201:1:1:1,5555,::207:7:7:7,6666,51:44.6,51:48.7,1622150000000000.0,4083000,"{'00:01:00:01:00:01:00:01', '00:07:00:07:00:07:00:07'}",Normal
UDP,::201:1:1:1,5555,::20a:a:a:a,6666,51:46.6,51:46.6,1622150000000000.0,0,"{'00:01:00:01:00:01:00:01', '00:0a:00:0a:00:0a:00:0a'}",Normal
UDP,::201:1:1:1,5555,::206:6:6:6,6666,51:46.8,51:51.0,1622150000000000.0,4139000,"{'00:01:00:01:00:01:00:01', '00:06:00:06:00:06:00:06'}",Normal
UDP,::201:1:1:1,5555,::20c:c:c:c,6666,51:46.9,51:46.9,1622150000000000.0,0,"{'00:0c:00:0c:00:0c:00:0c', '00:01:00:01:00:01:00:01'}",Normal
UDP,::201:1:1:1,5555,::20b:b:b:b,6666,51:46.9,51:46.9,1622150000000000.0,0,"{'00:0b:00:0b:00:0b:00:0b', '00:01:00:01:00:01:00:01'}",Normal
ICMPv6,::201:1:1:1,0,::203:3:3:3,0,51:46.9,51:51.9,1622150000000000.0,4982000,"{'00:01:00:01:00:01:00:01', '00:03:00:03:00:03:00:03'}",Malicious
UDP,::201:1:1:1,5555,::205:5:5:5,6666,51:47.1,51:47.1,1622150000000000.0,44328,"{'00:01:00:01:00:01:00:01', '00:05:00:05:00:05:00:05'}",Normal
WPAN,0,0,0,0,51:47.1,51:52.1,1622150000000000.0,4986160,set(),Malicious
ICMPv6,::201:1:1:1,0,::203:3:3:3,0,51:47.2,51:52.0,1622150000000000.0,4760000,"{'00:01:00:01:00:01:00:01', '00:03:00:03:00:03:00:03'}",Malicious
UDP,::201:1:1:1,5555,::209:9:9:9,6666,51:47.4,51:47.4,1622150000000000.0,0,"{'00:01:00:01:00:01:00:01', '00:09:00:09:00:09:00:09'}",Normal
UDP,::201:1:1:1,5555,::204:4:4:4,6666,51:49.7,51:53.8,1622150000000000.0,4048000,"{'00:04:00:04:00:04:00:04', '00:01:00:01:00:01:00:01'}",Normal
UDP,::201:1:1:1,5555,::202:2:2:2,6666,51:49.8,51:54.3,1622150000000000.0,4483000,"{'00:01:00:01:00:01:00:01', '00:02:00:02:00:02:00:02'}",Normal
ICMPv6,::201:1:1:1,0,::203:3:3:3,0,51:51.9,51:56.9,1622150000000000.0,4993000,"{'00:01:00:01:00:01:00:01', '00:03:00:03:00:03:00:03'}",Malicious
WPAN,0,0,0,0,51:52.1,51:57.1,1622150000000000.0,4999000,set(),Malicious
UDP,::201:1:1:1,5555,::20a:a:a:a,6666,51:52.2,51:52.2,1622150000000000.0,22664,"{'00:01:00:01:00:01:00:01', '00:0a:00:0a:00:0a:00:0a'}",Normal
UDP,::201:1:1:1,5555,::205:5:5:5,6666,51:52.2,51:56.4,1622150000000000.0,4171000,"{'00:01:00:01:00:01:00:01', '00:05:00:05:00:05:00:05'}",Normal
ICMPv6,fe80::209:9:9:9,0,fe80::20a:a:a:a,0,51:52.2,51:52.2,1622150000000000.0,0,"{'00:09:00:09:00:09:00:09', '00:0a:00:0a:00:0a:00:0a'}",Malicious
UDP,::201:1:1:1,5555,::20c:c:c:c,6666,51:52.3,51:56.7,1622150000000000.0,4393000,"{'00:0c:00:0c:00:0c:00:0c', '00:01:00:01:00:01:00:01'}",Normal
ICMPv6,::201:1:1:1,0,::203:3:3:3,0,51:52.4,51:57.3,1622150000000000.0,4946336,"{'00:01:00:01:00:01:00:01', '00:03:00:03:00:03:00:03'}",Malicious
UDP,::201:1:1:1,5555,::20b:b:b:b,6666,51:52.9,51:57.1,1622150000000000.0,4171000,"{'00:0b:00:0b:00:0b:00:0b', '00:01:00:01:00:01:00:01'}",Normal
UDP,::201:1:1:1,5555,::209:9:9:9,6666,51:53.1,51:53.1,1622150000000000.0,0,"{'00:01:00:01:00:01:00:01', '00:09:00:09:00:09:00:09'}",Normal
UDP,::201:1:1:1,5555,::207:7:7:7,6666,51:53.8,51:58.0,1622150000000000.0,4185000,"{'00:01:00:01:00:01:00:01', '00:07:00:07:00:07:00:07'}",Normal
UDP,::201:1:1:1,5555,::208:8:8:8,6666,51:54.0,51:54.1,1622150000000000.0,153000,"{'00:08:00:08:00:08:00:08', '00:01:00:01:00:01:00:01', '00:09:00:09:00:09:00:09'}",Normal
UDP,::201:1:1:1,5555,::206:6:6:6,6666,51:56.1,51:56.1,1622150000000000.0,0,"{'00:01:00:01:00:01:00:01', '00:06:00:06:00:06:00:06'}",Normal
ICMPv6,::201:1:1:1,0,::203:3:3:3,0,51:57.0,52:02.0,1622150000000000.0,4995000,"{'00:01:00:01:00:01:00:01', '00:03:00:03:00:03:00:03'}",Malicious
WPAN,0,0,0,0,51:57.1,52:02.1,1622150000000000.0,4995664,set(),Malicious
ICMPv6,fe80::206:6:6:6,0,fe80::209:9:9:9,0,51:57.1,51:57.1,1622150000000000.0,0,"{'00:09:00:09:00:09:00:09', '00:06:00:06:00:06:00:06'}",Malicious
ICMPv6,::201:1:1:1,0,::203:3:3:3,0,51:57.4,52:02.4,1622150000000000.0,4980000,"{'00:01:00:01:00:01:00:01', '00:03:00:03:00:03:00:03'}",Malicious
UDP,::201:1:1:1,5555,::20a:a:a:a,6666,51:57.8,51:57.8,1622150000000000.0,0,"{'00:01:00:01:00:01:00:01', '00:0a:00:0a:00:0a:00:0a'}",Normal
UDP,::201:1:1:1,5555,::209:9:9:9,6666,51:58.2,52:02.9,1622150000000000.0,4693000,"{'00:01:00:01:00:01:00:01', '00:09:00:09:00:09:00:09'}",Normal
UDP,::201:1:1:1,5555,::202:2:2:2,6666,51:59.1,52:04.1,1622150000000000.0,4955000,"{'00:01:00:01:00:01:00:01', '00:02:00:02:00:02:00:02'}",Normal
UDP,::201:1:1:1,5555,::204:4:4:4,6666,51:59.6,52:03.8,1622150000000000.0,4263000,"{'00:04:00:04:00:04:00:04', '00:01:00:01:00:01:00:01'}",Normal
UDP,::201:1:1:1,5555,::208:8:8:8,6666,51:59.7,51:59.7,1622150000000000.0,6464,"{'00:08:00:08:00:08:00:08', '00:01:00:01:00:01:00:01', '00:09:00:09:00:09:00:09'}",Normal
UDP,::201:1:1:1,5555,::205:5:5:5,6666,52:00.7,52:00.8,1622150000000000.0,51664,"{'00:01:00:01:00:01:00:01', '00:05:00:05:00:05:00:05'}",Normal
UDP,::201:1:1:1,5555,::206:6:6:6,6666,52:01.3,52:01.3,1622150000000000.0,0,"{'00:01:00:01:00:01:00:01', '00:06:00:06:00:06:00:06'}",Normal
ICMPv6,::201:1:1:1,0,::203:3:3:3,0,52:02.0,52:07.0,1622150000000000.0,4995000,"{'00:01:00:01:00:01:00:01', '00:03:00:03:00:03:00:03'}",Malicious
WPAN,0,0,0,0,52:02.1,52:07.1,1622150000000000.0,4996000,set(),Malicious
UDP,::201:1:1:1,5555,::20b:b:b:b,6666,52:02.3,52:06.5,1622150000000000.0,4144000,"{'00:0b:00:0b:00:0b:00:0b', '00:01:00:01:00:01:00:01'}",Normal
UDP,::201:1:1:1,5555,::20c:c:c:c,6666,52:02.4,52:02.4,1622150000000000.0,0,"{'00:0c:00:0c:00:0c:00:0c', '00:01:00:01:00:01:00:01'}",Normal
ICMPv6,::201:1:1:1,0,::203:3:3:3,0,52:02.4,52:07.4,1622150000000000.0,4975496,"{'00:01:00:01:00:01:00:01', '00:03:00:03:00:03:00:03'}",Malicious
UDP,::201:1:1:1,5555,::207:7:7:7,6666,52:02.9,52:02.9,1622150000000000.0,0,"{'00:01:00:01:00:01:00:01', '00:07:00:07:00:07:00:07'}",Normal
UDP,::201:1:1:1,5555,::20a:a:a:a,6666,52:03.3,52:07.6,1622150000000000.0,4322000,"{'00:01:00:01:00:01:00:01', '00:0a:00:0a:00:0a:00:0a'}",Normal
UDP,::201:1:1:1,5555,::208:8:8:8,6666,52:05.4,52:10.3,1622150000000000.0,4958000,"{'00:08:00:08:00:08:00:08', '00:01:00:01:00:01:00:01', '00:09:00:09:00:09:00:09'}",Normal
UDP,::201:1:1:1,5555,::205:5:5:5,6666,52:06.3,52:10.6,1622150000000000.0,4266000,"{'00:01:00:01:00:01:00:01', '00:05:00:05:00:05:00:05'}",Normal
ICMPv6,fe80::205:5:5:5,0,fe80::20a:a:a:a,0,52:06.5,52:06.5,1622150000000000.0,0,"{'00:05:00:05:00:05:00:05', '00:0a:00:0a:00:0a:00:0a'}",Malicious
UDP,::201:1:1:1,5555,::206:6:6:6,6666,52:06.8,52:06.8,1622150000000000.0,0,"{'00:01:00:01:00:01:00:01', '00:06:00:06:00:06:00:06'}",Normal
ICMPv6,::201:1:1:1,0,::203:3:3:3,0,52:07.0,52:12.0,1622150000000000.0,4987000,"{'00:01:00:01:00:01:00:01', '00:03:00:03:00:03:00:03'}",Malicious
UDP,::201:1:1:1,5555,::209:9:9:9,6666,52:07.1,52:07.1,1622150000000000.0,0,"{'00:01:00:01:00:01:00:01', '00:09:00:09:00:09:00:09'}",Normal
WPAN,0,0,0,0,52:07.2,52:12.2,1622150000000000.0,4982336,set(),Malicious
UDP,::201:1:1:1,5555,::20c:c:c:c,6666,52:07.4,52:11.9,1622150000000000.0,4443000,"{'00:0c:00:0c:00:0c:00:0c', '00:01:00:01:00:01:00:01'}",Normal
ICMPv6,::201:1:1:1,0,::203:3:3:3,0,52:07.6,52:12.5,1622150000000000.0,4973000,"{'00:01:00:01:00:01:00:01', '00:03:00:03:00:03:00:03'}",Malicious
UDP,::201:1:1:1,5555,::207:7:7:7,6666,52:08.4,52:12.7,1622150000000000.0,4312000,"{'00:01:00:01:00:01:00:01', '00:07:00:07:00:07:00:07'}",Normal
UDP,::201:1:1:1,5555,::204:4:4:4,6666,52:08.7,52:12.9,1622150000000000.0,4166000,"{'00:04:00:04:00:04:00:04', '00:01:00:01:00:01:00:01'}",Normal
UDP,::201:1:1:1,5555,::202:2:2:2,6666,52:08.9,52:13.7,1622150000000000.0,4730000,"{'00:01:00:01:00:01:00:01', '00:02:00:02:00:02:00:02'}",Normal
UDP,::201:1:1:1,5555,::20b:b:b:b,6666,52:10.5,52:10.5,1622150000000000.0,0,"{'00:0b:00:0b:00:0b:00:0b', '00:01:00:01:00:01:00:01'}",Normal
ICMPv6,fe80::202:2:2:2,0,fe80::20c:c:c:c,0,52:11.1,52:11.1,1622150000000000.0,0,"{'00:0c:00:0c:00:0c:00:0c', '00:02:00:02:00:02:00:02'}",Malicious
ICMPv6,::201:1:1:1,0,::203:3:3:3,0,52:12.0,52:17.0,1622150000000000.0,4952000,"{'00:01:00:01:00:01:00:01', '00:03:00:03:00:03:00:03'}",Malicious
WPAN,0,0,0,0,52:12.2,52:17.2,1622150000000000.0,4996672,set(),Malicious
UDP,::201:1:1:1,5555,::206:6:6:6,6666,52:12.4,52:12.5,1622150000000000.0,134664,"{'00:01:00:01:00:01:00:01', '00:06:00:06:00:06:00:06'}",Normal
ICMPv6,::201:1:1:1,0,::203:3:3:3,0,52:12.6,52:17.5,1622150000000000.0,4894000,"{'00:01:00:01:00:01:00:01', '00:03:00:03:00:03:00:03'}",Malicious
ICMPv6,fe80::209:9:9:9,0,fe80::20a:a:a:a,0,52:12.8,52:12.9,1622150000000000.0,39000,"{'00:09:00:09:00:09:00:09', '00:0a:00:0a:00:0a:00:0a'}",Malicious
ICMPv6,fe80::205:5:5:5,0,fe80::20c:c:c:c,0,52:12.9,52:12.9,1622150000000000.0,0,"{'00:0c:00:0c:00:0c:00:0c', '00:05:00:05:00:05:00:05'}",Malicious
UDP,::201:1:1:1,5555,::209:9:9:9,6666,52:13.0,52:13.0,1622150000000000.0,0,"{'00:01:00:01:00:01:00:01', '00:09:00:09:00:09:00:09'}",Normal
UDP,::201:1:1:1,5555,::20a:a:a:a,6666,52:13.6,52:13.6,1622150000000000.0,0,"{'00:01:00:01:00:01:00:01', '00:0a:00:0a:00:0a:00:0a'}",Normal
UDP,::201:1:1:1,5555,::205:5:5:5,6666,52:15.4,52:15.4,1622150000000000.0,0,"{'00:01:00:01:00:01:00:01', '00:05:00:05:00:05:00:05'}",Normal
UDP,::201:1:1:1,5555,::208:8:8:8,6666,52:15.7,52:15.8,1622150000000000.0,112320,"{'00:08:00:08:00:08:00:08', '00:01:00:01:00:01:00:01', '00:09:00:09:00:09:00:09'}",Normal
UDP,::201:1:1:1,5555,::20b:b:b:b,6666,52:15.8,52:20.3,1622150000000000.0,4468664,"{'00:0b:00:0b:00:0b:00:0b', '00:01:00:01:00:01:00:01'}",Normal
UDP,::201:1:1:1,5555,::207:7:7:7,6666,52:17.0,52:21.9,1622150000000000.0,4935000,"{'00:01:00:01:00:01:00:01', '00:07:00:07:00:07:00:07'}",Normal
ICMPv6,::201:1:1:1,0,::203:3:3:3,0,52:17.0,52:22.0,1622150000000000.0,4972008,"{'00:01:00:01:00:01:00:01', '00:03:00:03:00:03:00:03'}",Malicious
WPAN,0,0,0,0,52:17.2,52:22.2,1622150000000000.0,4978024,set(),Malicious
UDP,::201:1:1:1,5555,::206:6:6:6,6666,52:17.5,52:21.7,1622150000000000.0,4167000,"{'00:01:00:01:00:01:00:01', '00:06:00:06:00:06:00:06'}",Normal
UDP,::201:1:1:1,5555,::20c:c:c:c,6666,52:17.5,52:22.0,1622150000000000.0,4434000,"{'00:0c:00:0c:00:0c:00:0c', '00:01:00:01:00:01:00:01'}",Normal
ICMPv6,::201:1:1:1,0,::203:3:3:3,0,52:17.6,52:22.5,1622150000000000.0,4965336,"{'00:01:00:01:00:01:00:01', '00:03:00:03:00:03:00:03'}",Malicious
UDP,::201:1:1:1,5555,::204:4:4:4,6666,52:18.3,52:18.3,1622150000000000.0,0,"{'00:04:00:04:00:04:00:04', '00:01:00:01:00:01:00:01'}",Normal
UDP,::201:1:1:1,5555,::209:9:9:9,6666,52:18.5,52:23.3,1622150000000000.0,4802000,"{'00:01:00:01:00:01:00:01', '00:09:00:09:00:09:00:09'}",Normal
UDP,::201:1:1:1,5555,::202:2:2:2,6666,52:19.0,52:23.2,1622150000000000.0,4186000,"{'00:01:00:01:00:01:00:01', '00:02:00:02:00:02:00:02'}",Normal
UDP,::201:1:1:1,5555,::20a:a:a:a,6666,52:19.5,52:23.5,1622150000000000.0,4000664,"{'00:01:00:01:00:01:00:01', '00:0a:00:0a:00:0a:00:0a'}",Normal
ICMPv6,fe80::202:2:2:2,0,fe80::204:4:4:4,0,52:20.1,52:20.1,1622150000000000.0,0,"{'00:04:00:04:00:04:00:04', '00:02:00:02:00:02:00:02'}",Malicious
UDP,::201:1:1:1,5555,::205:5:5:5,6666,52:20.9,52:21.1,1622150000000000.0,246328,"{'00:01:00:01:00:01:00:01', '00:05:00:05:00:05:00:05'}",Normal
UDP,::201:1:1:1,5555,::208:8:8:8,6666,52:21.2,52:25.3,1622150000000000.0,4087000,"{'00:08:00:08:00:08:00:08', '00:01:00:01:00:01:00:01', '00:09:00:09:00:09:00:09'}",Normal
WPAN,0,0,0,0,52:22.2,52:27.1,1622150000000000.0,4961312,set(),Malicious
ICMPv6,::201:1:1:1,0,::203:3:3:3,0,52:22.3,52:27.1,1622150000000000.0,4830000,"{'00:01:00:01:00:01:00:01', '00:03:00:03:00:03:00:03'}",Malicious
ICMPv6,::201:1:1:1,0,::203:3:3:3,0,52:22.6,52:27.6,1622150000000000.0,4988328,"{'00:01:00:01:00:01:00:01', '00:03:00:03:00:03:00:03'}",Malicious
UDP,::201:1:1:1,5555,::204:4:4:4,6666,52:23.4,52:23.4,1622150000000000.0,0,"{'00:04:00:04:00:04:00:04', '00:01:00:01:00:01:00:01'}",Normal
UDP,::201:1:1:1,5555,::20b:b:b:b,6666,52:25.5,52:25.5,1622150000000000.0,0,"{'00:0b:00:0b:00:0b:00:0b', '00:01:00:01:00:01:00:01'}",Normal
UDP,::201:1:1:1,5555,::206:6:6:6,6666,52:26.0,52:30.2,1622150000000000.0,4180000,"{'00:01:00:01:00:01:00:01', '00:06:00:06:00:06:00:06'}",Normal
UDP,::201:1:1:1,5555,::20c:c:c:c,6666,52:26.3,52:31.2,1622150000000000.0,4900000,"{'00:0c:00:0c:00:0c:00:0c', '00:01:00:01:00:01:00:01'}",Normal
UDP,::201:1:1:1,5555,::205:5:5:5,6666,52:26.4,52:26.4,1622150000000000.0,0,"{'00:01:00:01:00:01:00:01', '00:05:00:05:00:05:00:05'}",Normal
ICMPv6,fe80::208:8:8:8,0,fe80::20a:a:a:a,0,52:26.7,52:26.7,1622150000000000.0,36000,"{'00:08:00:08:00:08:00:08', '00:0a:00:0a:00:0a:00:0a'}",Malicious
WPAN,0,0,0,0,52:27.2,52:32.2,1622150000000000.0,4996328,set(),Malicious
ICMPv6,::201:1:1:1,0,::203:3:3:3,0,52:27.3,52:32.2,1622150000000000.0,4962000,"{'00:01:00:01:00:01:00:01', '00:03:00:03:00:03:00:03'}",Malicious
ICMPv6,::201:1:1:1,0,::203:3:3:3,0,52:27.6,52:32.6,1622150000000000.0,4999688,"{'00:01:00:01:00:01:00:01', '00:03:00:03:00:03:00:03'}",Malicious
UDP,::201:1:1:1,5555,::207:7:7:7,6666,52:27.9,52:27.9,1622150000000000.0,0,"{'00:01:00:01:00:01:00:01', '00:07:00:07:00:07:00:07'}",Normal
UDP,::201:1:1:1,5555,::202:2:2:2,6666,52:28.1,52:28.1,1622150000000000.0,0,"{'00:01:00:01:00:01:00:01', '00:02:00:02:00:02:00:02'}",Normal
UDP,::201:1:1:1,5555,::204:4:4:4,6666,52:28.9,52:33.5,1622150000000000.0,4601336,"{'00:04:00:04:00:04:00:04', '00:01:00:01:00:01:00:01'}",Normal
UDP,::201:1:1:1,5555,::209:9:9:9,6666,52:28.9,52:28.9,1622150000000000.0,0,"{'00:01:00:01:00:01:00:01', '00:09:00:09:00:09:00:09'}",Normal
UDP,::201:1:1:1,5555,::20a:a:a:a,6666,52:29.3,52:33.4,1622150000000000.0,4128000,"{'00:01:00:01:00:01:00:01', '00:0a:00:0a:00:0a:00:0a'}",Normal
UDP,::201:1:1:1,5555,::208:8:8:8,6666,52:30.0,52:30.2,1622150000000000.0,179000,"{'00:08:00:08:00:08:00:08', '00:01:00:01:00:01:00:01', '00:09:00:09:00:09:00:09'}",Normal
UDP,::201:1:1:1,5555,::20b:b:b:b,6666,52:31.1,52:35.9,1622150000000000.0,4734000,"{'00:0b:00:0b:00:0b:00:0b', '00:01:00:01:00:01:00:01'}",Normal
UDP,::201:1:1:1,5555,::205:5:5:5,6666,52:32.1,52:36.5,1622150000000000.0,4322000,"{'00:01:00:01:00:01:00:01', '00:05:00:05:00:05:00:05'}",Normal
WPAN,0,0,0,0,52:32.2,52:37.2,1622150000000000.0,4987336,set(),Malicious
ICMPv6,::201:1:1:1,0,::203:3:3:3,0,52:32.3,52:37.3,1622150000000000.0,4968000,"{'00:01:00:01:00:01:00:01', '00:03:00:03:00:03:00:03'}",Malicious
ICMPv6,::201:1:1:1,0,::203:3:3:3,0,52:32.6,52:37.6,1622150000000000.0,4993976,"{'00:01:00:01:00:01:00:01', '00:03:00:03:00:03:00:03'}",Malicious
ICMPv6,fe80::201:1:1:1,0,ff02::1a,0,52:32.9,52:32.9,1622150000000000.0,0,"{'0x0000ffff', '00:01:00:01:00:01:00:01'}",Normal
UDP,::201:1:1:1,5555,::202:2:2:2,6666,52:33.5,52:33.5,1622150000000000.0,0,"{'00:01:00:01:00:01:00:01', '00:02:00:02:00:02:00:02'}",Normal
UDP,::201:1:1:1,5555,::207:7:7:7,6666,52:33.6,52:37.7,1622150000000000.0,4062000,"{'00:01:00:01:00:01:00:01', '00:07:00:07:00:07:00:07'}",Normal
UDP,::201:1:1:1,5555,::209:9:9:9,6666,52:34.8,52:38.8,1622150000000000.0,3969000,"{'00:01:00:01:00:01:00:01', '00:09:00:09:00:09:00:09'}",Normal
UDP,::201:1:1:1,5555,::206:6:6:6,6666,52:35.0,52:35.0,1622150000000000.0,0,"{'00:01:00:01:00:01:00:01', '00:06:00:06:00:06:00:06'}",Normal
ICMPv6,fe80::207:7:7:7,0,fe80::20a:a:a:a,0,52:35.3,52:35.3,1622150000000000.0,0,"{'00:07:00:07:00:07:00:07', '00:0a:00:0a:00:0a:00:0a'}",Malicious
UDP,::201:1:1:1,5555,::208:8:8:8,6666,52:35.9,52:40.5,1622150000000000.0,4582000,"{'00:08:00:08:00:08:00:08', '00:01:00:01:00:01:00:01', '00:09:00:09:00:09:00:09'}",Normal
UDP,::201:1:1:1,5555,::20c:c:c:c,6666,52:36.5,52:40.8,1622150000000000.0,4387000,"{'00:0c:00:0c:00:0c:00:0c', '00:01:00:01:00:01:00:01'}",Normal
WPAN,0,0,0,0,52:37.2,52:42.2,1622150000000000.0,4990000,set(),Malicious
ICMPv6,::201:1:1:1,0,::203:3:3:3,0,52:37.3,52:42.3,1622150000000000.0,4983000,"{'00:01:00:01:00:01:00:01', '00:03:00:03:00:03:00:03'}",Malicious
ICMPv6,::201:1:1:1,0,::203:3:3:3,0,52:37.6,52:42.6,1622150000000000.0,4963000,"{'00:01:00:01:00:01:00:01', '00:03:00:03:00:03:00:03'}",Malicious
UDP,::201:1:1:1,5555,::204:4:4:4,6666,52:37.7,52:37.7,1622150000000000.0,32000,"{'00:04:00:04:00:04:00:04', '00:01:00:01:00:01:00:01'}",Normal
UDP,::201:1:1:1,5555,::20a:a:a:a,6666,52:38.3,52:43.2,1622150000000000.0,4940000,"{'00:01:00:01:00:01:00:01', '00:0a:00:0a:00:0a:00:0a'}",Normal
UDP,::201:1:1:1,5555,::202:2:2:2,6666,52:38.8,52:38.8,1622150000000000.0,0,"{'00:01:00:01:00:01:00:01', '00:02:00:02:00:02:00:02'}",Normal
UDP,::201:1:1:1,5555,::206:6:6:6,6666,52:40.3,52:44.9,1622150000000000.0,4599000,"{'00:01:00:01:00:01:00:01', '00:06:00:06:00:06:00:06'}",Normal
UDP,::201:1:1:1,5555,::20b:b:b:b,6666,52:41.8,52:41.9,1622150000000000.0,64992,"{'00:0b:00:0b:00:0b:00:0b', '00:01:00:01:00:01:00:01'}",Normal
UDP,::201:1:1:1,5555,::205:5:5:5,6666,52:42.0,52:42.0,1622150000000000.0,0,"{'00:01:00:01:00:01:00:01', '00:05:00:05:00:05:00:05'}",Normal
UDP,::201:1:1:1,5555,::207:7:7:7,6666,52:42.1,52:42.1,1622150000000000.0,0,"{'00:01:00:01:00:01:00:01', '00:07:00:07:00:07:00:07'}",Normal
WPAN,0,0,0,0,52:42.3,52:47.2,1622150000000000.0,4983000,set(),Malicious
ICMPv6,::201:1:1:1,0,::203:3:3:3,0,52:42.3,52:47.3,1622150000000000.0,4987000,"{'00:01:00:01:00:01:00:01', '00:03:00:03:00:03:00:03'}",Malicious
ICMPv6,::201:1:1:1,0,::203:3:3:3,0,52:42.6,52:47.6,1622150000000000.0,4955000,"{'00:01:00:01:00:01:00:01', '00:03:00:03:00:03:00:03'}",Malicious
UDP,::201:1:1:1,5555,::204:4:4:4,6666,52:43.6,52:43.6,1622150000000000.0,0,"{'00:04:00:04:00:04:00:04', '00:01:00:01:00:01:00:01'}",Normal
UDP,::201:1:1:1,5555,::209:9:9:9,6666,52:44.0,52:44.0,1622150000000000.0,0,"{'00:01:00:01:00:01:00:01', '00:09:00:09:00:09:00:09'}",Normal
ICMPv6,fe80::202:2:2:2,0,fe80::20b:b:b:b,0,52:44.3,52:44.3,1622150000000000.0,0,"{'00:0b:00:0b:00:0b:00:0b', '00:02:00:02:00:02:00:02'}",Malicious
ICMPv6,fe80::206:6:6:6,0,fe80::20a:a:a:a,0,52:44.3,52:44.3,1622150000000000.0,0,"{'00:06:00:06:00:06:00:06', '00:0a:00:0a:00:0a:00:0a'}",Malicious
UDP,::201:1:1:1,5555,::202:2:2:2,6666,52:44.4,52:44.4,1622150000000000.0,0,"{'00:01:00:01:00:01:00:01', '00:02:00:02:00:02:00:02'}",Normal
ICMPv6,fe80::206:6:6:6,0,ff02::1a,0,52:45.8,52:45.8,1622150000000000.0,0,"{'0x0000ffff', '00:06:00:06:00:06:00:06'}",Malicious
UDP,::201:1:1:1,5555,::20c:c:c:c,6666,52:45.9,52:45.9,1622150000000000.0,0,"{'00:0c:00:0c:00:0c:00:0c', '00:01:00:01:00:01:00:01'}",Normal
UDP,::201:1:1:1,5555,::208:8:8:8,6666,52:45.9,52:45.9,1622150000000000.0,42000,"{'00:08:00:08:00:08:00:08', '00:01:00:01:00:01:00:01', '00:09:00:09:00:09:00:09'}",Normal
UDP,::201:1:1:1,5555,::20b:b:b:b,6666,52:47.1,52:51.9,1622150000000000.0,4768000,"{'00:0b:00:0b:00:0b:00:0b', '00:01:00:01:00:01:00:01'}",Normal
WPAN,0,0,0,0,52:47.3,52:52.3,1622150000000000.0,4999664,set(),Malicious
UDP,::201:1:1:1,5555,::205:5:5:5,6666,52:47.3,52:47.3,1622150000000000.0,0,"{'00:01:00:01:00:01:00:01', '00:05:00:05:00:05:00:05'}",Normal
ICMPv6,::201:1:1:1,0,::203:3:3:3,0,52:47.3,52:52.3,1622150000000000.0,4992000,"{'00:01:00:01:00:01:00:01', '00:03:00:03:00:03:00:03'}",Malicious
ICMPv6,::201:1:1:1,0,::203:3:3:3,0,52:47.6,52:52.6,1622150000000000.0,4982000,"{'00:01:00:01:00:01:00:01', '00:03:00:03:00:03:00:03'}",Malicious
UDP,::201:1:1:1,5555,::207:7:7:7,6666,52:47.9,52:47.9,1622150000000000.0,0,"{'00:01:00:01:00:01:00:01', '00:07:00:07:00:07:00:07'}",Normal
UDP,::201:1:1:1,5555,::20a:a:a:a,6666,52:48.2,52:48.2,1622150000000000.0,0,"{'00:01:00:01:00:01:00:01', '00:0a:00:0a:00:0a:00:0a'}",Normal
UDP,::201:1:1:1,5555,::204:4:4:4,6666,52:48.6,52:48.6,1622150000000000.0,0,"{'00:04:00:04:00:04:00:04', '00:01:00:01:00:01:00:01'}",Normal
UDP,::201:1:1:1,5555,::209:9:9:9,6666,52:49.8,52:54.5,1622150000000000.0,4769664,"{'00:01:00:01:00:01:00:01', '00:09:00:09:00:09:00:09'}",Normal
UDP,::201:1:1:1,5555,::202:2:2:2,6666,52:49.9,52:49.9,1622150000000000.0,0,"{'00:01:00:01:00:01:00:01', '00:02:00:02:00:02:00:02'}",Normal
UDP,::201:1:1:1,5555,::206:6:6:6,6666,52:50.1,52:54.1,1622150000000000.0,4063656,"{'00:01:00:01:00:01:00:01', '00:06:00:06:00:06:00:06'}",Normal
UDP,::201:1:1:1,5555,::208:8:8:8,6666,52:51.0,52:51.0,1622150000000000.0,41000,"{'00:08:00:08:00:08:00:08', '00:01:00:01:00:01:00:01', '00:09:00:09:00:09:00:09'}",Normal
UDP,::201:1:1:1,5555,::20c:c:c:c,6666,52:51.5,52:51.5,1622150000000000.0,0,"{'00:0c:00:0c:00:0c:00:0c', '00:01:00:01:00:01:00:01'}",Normal
WPAN,0,0,0,0,52:52.3,52:57.3,1622150000000000.0,4978504,set(),Malicious
ICMPv6,::201:1:1:1,0,::203:3:3:3,0,52:52.3,52:57.2,1622150000000000.0,4835000,"{'00:01:00:01:00:01:00:01', '00:03:00:03:00:03:00:03'}",Malicious
ICMPv6,::201:1:1:1,0,::203:3:3:3,0,52:52.7,52:57.7,1622150000000000.0,4985000,"{'00:01:00:01:00:01:00:01', '00:03:00:03:00:03:00:03'}",Malicious
UDP,::201:1:1:1,5555,::205:5:5:5,6666,52:53.2,52:53.2,1622150000000000.0,0,"{'00:01:00:01:00:01:00:01', '00:05:00:05:00:05:00:05'}",Normal
UDP,::201:1:1:1,5555,::207:7:7:7,6666,52:53.3,52:53.3,1622150000000000.0,0,"{'00:01:00:01:00:01:00:01', '00:07:00:07:00:07:00:07'}",Normal
UDP,::201:1:1:1,5555,::20a:a:a:a,6666,52:53.5,52:58.1,1622150000000000.0,4610000,"{'00:01:00:01:00:01:00:01', '00:0a:00:0a:00:0a:00:0a'}",Normal
UDP,::201:1:1:1,5555,::204:4:4:4,6666,52:54.4,52:54.4,1622150000000000.0,0,"{'00:04:00:04:00:04:00:04', '00:01:00:01:00:01:00:01'}",Normal
UDP,::201:1:1:1,5555,::202:2:2:2,6666,52:54.9,52:59.2,1622150000000000.0,4225000,"{'00:01:00:01:00:01:00:01', '00:02:00:02:00:02:00:02'}",Normal
UDP,::201:1:1:1,5555,::208:8:8:8,6666,52:56.2,53:00.6,1622150000000000.0,4428000,"{'00:08:00:08:00:08:00:08', '00:01:00:01:00:01:00:01', '00:09:00:09:00:09:00:09'}",Normal
UDP,::201:1:1:1,5555,::20c:c:c:c,6666,52:56.5,53:01.4,1622150000000000.0,4919336,"{'00:0c:00:0c:00:0c:00:0c', '00:01:00:01:00:01:00:01'}",Normal
UDP,::201:1:1:1,5555,::20b:b:b:b,6666,52:57.2,53:02.0,1622150000000000.0,4791336,"{'00:0b:00:0b:00:0b:00:0b', '00:01:00:01:00:01:00:01'}",Normal
WPAN,0,0,0,0,52:57.3,53:02.3,1622150000000000.0,4986824,set(),Malicious
ICMPv6,::201:1:1:1,0,::203:3:3:3,0,52:57.3,53:02.3,1622150000000000.0,4992152,"{'00:01:00:01:00:01:00:01', '00:03:00:03:00:03:00:03'}",Malicious
ICMPv6,::201:1:1:1,0,::203:3:3:3,0,52:57.7,53:02.6,1622150000000000.0,4873000,"{'00:01:00:01:00:01:00:01', '00:03:00:03:00:03:00:03'}",Malicious
UDP,::201:1:1:1,5555,::205:5:5:5,6666,52:58.6,53:02.3,1622150000000000.0,3689000,"{'00:01:00:01:00:01:00:01', '00:05:00:05:00:05:00:05'}",Normal
ICMPv6,fe80::204:4:4:4,0,fe80::20c:c:c:c,0,52:59.0,52:59.0,1622150000000000.0,0,"{'00:0c:00:0c:00:0c:00:0c', '00:04:00:04:00:04:00:04'}",Malicious
UDP,::201:1:1:1,5555,::207:7:7:7,6666,52:59.0,53:03.1,1622150000000000.0,4090000,"{'00:01:00:01:00:01:00:01', '00:07:00:07:00:07:00:07'}",Normal
UDP,::201:1:1:1,5555,::206:6:6:6,6666,52:59.3,52:59.3,1622150000000000.0,0,"{'00:01:00:01:00:01:00:01', '00:06:00:06:00:06:00:06'}",Normal
UDP,::201:1:1:1,5555,::204:4:4:4,6666,52:59.7,53:03.7,1622150000000000.0,3951000,"{'00:04:00:04:00:04:00:04', '00:01:00:01:00:01:00:01'}",Normal
UDP,::201:1:1:1,5555,::209:9:9:9,6666,52:59.9,52:59.9,1622150000000000.0,0,"{'00:01:00:01:00:01:00:01', '00:09:00:09:00:09:00:09'}",Normal
WPAN,0,0,0,0,53:02.3,53:07.3,1622150000000000.0,4981000,set(),Malicious
ICMPv6,::201:1:1:1,0,::203:3:3:3,0,53:02.4,53:07.3,1622150000000000.0,4988000,"{'00:01:00:01:00:01:00:01', '00:03:00:03:00:03:00:03'}",Malicious
ICMPv6,fe80::207:7:7:7,0,fe80::20a:a:a:a,0,53:02.4,53:02.5,1622150000000000.0,83664,"{'00:07:00:07:00:07:00:07', '00:0a:00:0a:00:0a:00:0a'}",Malicious
UDP,::201:1:1:1,5555,::20a:a:a:a,6666,53:02.7,53:02.7,1622150000000000.0,0,"{'00:01:00:01:00:01:00:01', '00:0a:00:0a:00:0a:00:0a'}",Normal
ICMPv6,::201:1:1:1,0,::203:3:3:3,0,53:02.7,53:07.7,1622150000000000.0,4987000,"{'00:01:00:01:00:01:00:01', '00:03:00:03:00:03:00:03'}",Malicious
UDP,::201:1:1:1,5555,::206:6:6:6,6666,53:04.4,53:04.4,1622150000000000.0,0,"{'00:01:00:01:00:01:00:01', '00:06:00:06:00:06:00:06'}",Normal
UDP,::201:1:1:1,5555,::202:2:2:2,6666,53:04.5,53:08.9,1622150000000000.0,4384000,"{'00:01:00:01:00:01:00:01', '00:02:00:02:00:02:00:02'}",Normal
ICMPv6,fe80::208:8:8:8,0,ff02::1a,0,53:04.6,53:04.6,1622150000000000.0,0,"{'0x0000ffff', '00:08:00:08:00:08:00:08'}",Malicious
UDP,::201:1:1:1,5555,::208:8:8:8,6666,53:05.2,53:10.0,1622150000000000.0,4843008,"{'00:08:00:08:00:08:00:08', '00:01:00:01:00:01:00:01', '00:09:00:09:00:09:00:09'}",Normal
UDP,::201:1:1:1,5555,::209:9:9:9,6666,53:05.8,53:10.6,1622150000000000.0,4747000,"{'00:01:00:01:00:01:00:01', '00:09:00:09:00:09:00:09'}",Normal
UDP,::201:1:1:1,5555,::20b:b:b:b,6666,53:06.5,53:06.5,1622150000000000.0,0,"{'00:0b:00:0b:00:0b:00:0b', '00:01:00:01:00:01:00:01'}",Normal
UDP,::201:1:1:1,5555,::20c:c:c:c,6666,53:07.1,53:11.6,1622150000000000.0,4534088,"{'00:0c:00:0c:00:0c:00:0c', '00:01:00:01:00:01:00:01'}",Normal
WPAN,0,0,0,0,53:07.3,53:12.3,1622150000000000.0,4985664,set(),Malicious
ICMPv6,::201:1:1:1,0,::203:3:3:3,0,53:07.4,53:12.4,1622150000000000.0,4994328,"{'00:01:00:01:00:01:00:01', '00:03:00:03:00:03:00:03'}",Malicious
ICMPv6,::201:1:1:1,0,::203:3:3:3,0,53:07.7,53:12.7,1622150000000000.0,4990000,"{'00:01:00:01:00:01:00:01', '00:03:00:03:00:03:00:03'}",Malicious
UDP,::201:1:1:1,5555,::205:5:5:5,6666,53:07.8,53:12.0,1622150000000000.0,4214000,"{'00:01:00:01:00:01:00:01', '00:05:00:05:00:05:00:05'}",Normal
UDP,::201:1:1:1,5555,::20a:a:a:a,6666,53:08.5,53:08.5,1622150000000000.0,0,"{'00:01:00:01:00:01:00:01', '00:0a:00:0a:00:0a:00:0a'}",Normal
UDP,::201:1:1:1,5555,::207:7:7:7,6666,53:08.6,53:08.6,1622150000000000.0,0,"{'00:01:00:01:00:01:00:01', '00:07:00:07:00:07:00:07'}",Normal
UDP,::201:1:1:1,5555,::204:4:4:4,6666,53:09.3,53:09.3,1622150000000000.0,0,"{'00:04:00:04:00:04:00:04', '00:01:00:01:00:01:00:01'}",Normal
UDP,::201:1:1:1,5555,::206:6:6:6,6666,53:09.4,53:09.4,1622150000000000.0,0,"{'00:01:00:01:00:01:00:01', '00:06:00:06:00:06:00:06'}",Normal
ICMPv6,fe80::202:2:2:2,0,fe80::204:4:4:4,0,53:11.6,53:11.6,1622150000000000.0,0,"{'00:04:00:04:00:04:00:04', '00:02:00:02:00:02:00:02'}",Malicious
UDP,::201:1:1:1,5555,::20b:b:b:b,6666,53:12.2,53:17.1,1622150000000000.0,4899424,"{'00:0b:00:0b:00:0b:00:0b', '00:01:00:01:00:01:00:01'}",Normal
WPAN,0,0,0,0,53:12.4,53:17.4,1622150000000000.0,4997336,set(),Malicious
ICMPv6,::201:1:1:1,0,::203:3:3:3,0,53:12.4,53:17.4,1622150000000000.0,4975000,"{'00:01:00:01:00:01:00:01', '00:03:00:03:00:03:00:03'}",Malicious
ICMPv6,::201:1:1:1,0,::203:3:3:3,0,53:12.8,53:17.8,1622150000000000.0,4993000,"{'00:01:00:01:00:01:00:01', '00:03:00:03:00:03:00:03'}",Malicious
UDP,::201:1:1:1,5555,::202:2:2:2,6666,53:13.0,53:17.2,1622150000000000.0,4198000,"{'00:01:00:01:00:01:00:01', '00:02:00:02:00:02:00:02'}",Normal
ICMPv6,fe80::20a:a:a:a,0,ff02::1a,0,53:13.5,53:13.5,1622150000000000.0,0,"{'0x0000ffff', '00:0a:00:0a:00:0a:00:0a'}",Malicious
ICMPv6,fe80::205:5:5:5,0,fe80::20b:b:b:b,0,53:13.8,53:13.8,1622150000000000.0,0,"{'00:0b:00:0b:00:0b:00:0b', '00:05:00:05:00:05:00:05'}",Malicious
UDP,::201:1:1:1,5555,::207:7:7:7,6666,53:14.0,53:18.8,1622150000000000.0,4835992,"{'00:01:00:01:00:01:00:01', '00:07:00:07:00:07:00:07'}",Normal
UDP,::201:1:1:1,5555,::20a:a:a:a,6666,53:14.3,53:14.3,1622150000000000.0,0,"{'00:01:00:01:00:01:00:01', '00:0a:00:0a:00:0a:00:0a'}",Normal
UDP,::201:1:1:1,5555,::204:4:4:4,6666,53:14.3,53:18.7,1622150000000000.0,4367792,"{'00:04:00:04:00:04:00:04', '00:01:00:01:00:01:00:01'}",Normal
UDP,::201:1:1:1,5555,::209:9:9:9,6666,53:14.9,53:19.5,1622150000000000.0,4550000,"{'00:01:00:01:00:01:00:01', '00:09:00:09:00:09:00:09'}",Normal
UDP,::201:1:1:1,5555,::208:8:8:8,6666,53:15.0,53:19.2,1622150000000000.0,4149000,"{'00:08:00:08:00:08:00:08', '00:01:00:01:00:01:00:01', '00:09:00:09:00:09:00:09'}",Normal
UDP,::201:1:1:1,5555,::206:6:6:6,6666,53:15.0,53:19.7,1622150000000000.0,4672000,"{'00:01:00:01:00:01:00:01', '00:06:00:06:00:06:00:06'}",Normal
UDP,::201:1:1:1,5555,::20c:c:c:c,6666,53:16.8,53:21.2,1622150000000000.0,4373000,"{'00:0c:00:0c:00:0c:00:0c', '00:01:00:01:00:01:00:01'}",Normal
WPAN,0,0,0,0,53:17.4,53:22.3,1622150000000000.0,4974000,set(),Malicious
ICMPv6,::201:1:1:1,0,::203:3:3:3,0,53:17.4,53:22.3,1622150000000000.0,4945000,"{'00:01:00:01:00:01:00:01', '00:03:00:03:00:03:00:03'}",Malicious
ICMPv6,::201:1:1:1,0,::203:3:3:3,0,53:18.0,53:22.9,1622150000000000.0,4971000,"{'00:01:00:01:00:01:00:01', '00:03:00:03:00:03:00:03'}",Malicious
UDP,::201:1:1:1,5555,::205:5:5:5,6666,53:18.1,53:18.3,1622150000000000.0,185664,"{'00:01:00:01:00:01:00:01', '00:05:00:05:00:05:00:05'}",Normal
UDP,::201:1:1:1,5555,::20a:a:a:a,6666,53:19.5,53:23.6,1622150000000000.0,4058664,"{'00:01:00:01:00:01:00:01', '00:0a:00:0a:00:0a:00:0a'}",Normal
ICMPv6,fe80::205:5:5:5,0,ff02::1a,0,53:20.8,53:20.8,1622150000000000.0,0,"{'0x0000ffff', '00:05:00:05:00:05:00:05'}",Malicious
UDP,::201:1:1:1,5555,::20b:b:b:b,6666,53:21.6,53:21.6,1622150000000000.0,0,"{'00:0b:00:0b:00:0b:00:0b', '00:01:00:01:00:01:00:01'}",Normal
UDP,::201:1:1:1,5555,::202:2:2:2,6666,53:22.0,53:22.0,1622150000000000.0,0,"{'00:01:00:01:00:01:00:01', '00:02:00:02:00:02:00:02'}",Normal
WPAN,0,0,0,0,53:22.4,53:25.7,1622150000000000.0,3369664,set(),Malicious
ICMPv6,::201:1:1:1,0,::203:3:3:3,0,53:22.4,53:25.7,1622150000000000.0,3327000,"{'00:01:00:01:00:01:00:01', '00:03:00:03:00:03:00:03'}",Malicious
ICMPv6,::201:1:1:1,0,::203:3:3:3,0,53:23.0,53:25.6,1622150000000000.0,2645664,"{'00:01:00:01:00:01:00:01', '00:03:00:03:00:03:00:03'}",Malicious
UDP,::201:1:1:1,5555,::204:4:4:4,6666,53:23.1,53:23.1,1622150000000000.0,0,"{'00:04:00:04:00:04:00:04', '00:01:00:01:00:01:00:01'}",Normal
UDP,::201:1:1:1,5555,::207:7:7:7,6666,53:23.2,53:23.2,1622150000000000.0,0,"{'00:01:00:01:00:01:00:01', '00:07:00:07:00:07:00:07'}",Normal
UDP,::201:1:1:1,5555,::205:5:5:5,6666,53:23.5,53:23.5,1622150000000000.0,0,"{'00:01:00:01:00:01:00:01', '00:05:00:05:00:05:00:05'}",Normal
UDP,::201:1:1:1,5555,::209:9:9:9,6666,53:24.3,53:24.3,1622150000000000.0,0,"{'00:01:00:01:00:01:00:01', '00:09:00:09:00:09:00:09'}",Normal
UDP,::201:1:1:1,5555,::208:8:8:8,6666,53:24.9,53:25.0,1622150000000000.0,107000,"{'00:08:00:08:00:08:00:08', '00:01:00:01:00:01:00:01', '00:09:00:09:00:09:00:09'}",Normal
UDP,::201:1:1:1,5555,::206:6:6:6,6666,53:25.5,53:25.5,1622150000000000.0,0,"{'00:01:00:01:00:01:00:01', '00:06:00:06:00:06:00:06'}",Normal
